CustomerID,Loyalty,Price,Quality,Community Outreach,Trust,Customer satifaction,Negative publicity
1525,6.145,10.00,0.87,-0.07,7.45,0.78,0.04
1531,6.033,10.00,0.93,0.14,7.62,0.90,0.05
1526,6.531,10.00,0.86,-0.02,7.48,0.85,0.06
1523,6.834,10.00,0.92,0.29,7.39,0.87,0.06
1524,6.642,10.00,0.85,0.05,7.42,0.66,0.07
1534,6.378,10.00,0.92,0.03,7.71,0.94,0.07
1462,3.596,7.48,0.75,-0.02,5.86,0.89,0.08
1460,3.333,7.43,0.64,-0.01,5.74,0.84,0.08
1463,3.483,7.54,0.68,0.03,5.93,0.91,0.09
1533,6.375,10.00,0.90,-0.07,7.68,0.92,0.10
1527,6.561,10.00,0.90,-0.15,7.50,0.82,0.10
1530,6.620,10.00,0.87,0.15,7.59,0.89,0.10
1461,3.466,7.45,0.75,-0.03,5.80,0.90,0.12
552,7.672,10.00,0.96,-0.00,6.97,0.97,0.13
1529,7.062,10.00,0.82,0.15,7.56,0.83,0.13
462,7.649,10.00,0.96,0.02,7.24,0.94,0.15
1464,3.333,7.58,0.67,0.03,5.99,0.91,0.16
1459,4.097,7.37,0.57,-0.04,5.68,0.83,0.16
1532,6.378,10.00,0.90,0.14,7.65,0.93,0.16
564,7.889,10.00,0.96,-0.12,7.21,0.96,0.16
1466,3.561,7.64,0.62,0.06,6.11,0.92,0.16
1467,3.268,7.71,0.49,0.06,6.17,0.87,0.17
457,7.589,10.00,0.96,0.21,7.10,0.92,0.17
463,7.693,10.00,0.96,0.02,7.27,0.96,0.17
454,7.771,10.00,0.97,0.24,7.04,0.94,0.17
461,7.594,10.00,0.95,0.16,7.21,0.96,0.18
1423,6.418,10.00,0.89,0.23,6.65,0.86,0.18
1234,7.418,10.00,0.99,0.33,7.26,0.94,0.19
456,7.520,10.00,0.95,0.14,7.08,0.93,0.19
459,7.514,10.00,0.96,0.22,7.15,0.94,0.19
561,7.788,10.00,0.96,-0.00,7.18,0.96,0.19
563,7.780,10.00,0.94,-0.05,7.20,0.95,0.20
562,7.858,10.00,0.96,-0.13,7.19,0.94,0.20
1809,6.734,10.00,0.90,-0.03,6.59,0.90,0.20
1652,7.314,10.00,0.94,0.09,7.28,0.95,0.20
453,7.683,10.00,0.94,0.26,7.24,0.95,0.21
451,7.834,10.00,0.95,0.24,6.99,0.93,0.21
1237,7.370,10.00,0.95,0.12,7.32,0.95,0.21
1657,7.572,10.00,0.94,0.11,7.32,0.93,0.21
460,7.558,10.00,0.95,0.14,7.18,0.95,0.21
1465,3.108,7.59,0.52,0.05,6.05,0.91,0.21
464,7.515,10.00,0.95,0.05,7.30,0.94,0.21
553,7.671,10.00,0.95,0.03,7.00,0.93,0.22
455,7.788,10.00,0.96,0.30,7.06,0.93,0.22
1236,7.327,10.00,0.95,0.29,7.30,0.94,0.22
559,7.448,10.00,0.95,0.11,7.16,0.93,0.22
1226,7.305,10.00,0.95,0.31,7.12,0.93,0.22
1647,7.289,10.00,0.93,0.21,7.23,0.94,0.23
1238,7.205,10.00,0.94,0.16,7.34,0.91,0.23
458,7.508,10.00,0.96,0.12,7.12,0.94,0.24
1649,7.287,10.00,0.91,0.17,7.25,0.93,0.24
1528,6.533,10.00,0.81,0.11,7.54,0.83,0.24
1648,7.369,10.00,0.91,0.15,7.24,0.92,0.25
452,7.971,10.00,0.95,0.27,7.00,0.97,0.25
560,7.660,10.00,0.95,-0.03,7.17,0.95,0.25
1307,7.579,10.00,0.95,0.24,7.31,0.95,0.25
1651,7.398,10.00,0.93,0.09,7.27,0.94,0.25
1646,7.239,10.00,0.93,0.20,7.22,0.95,0.25
1642,7.496,10.00,0.97,0.14,7.19,0.90,0.25
1644,7.560,10.00,0.93,0.13,7.20,0.94,0.25
1650,7.375,10.00,0.93,0.08,7.26,0.94,0.26
558,7.385,10.00,0.95,-0.00,7.13,0.93,0.27
1308,7.444,10.00,0.97,0.09,7.32,0.96,0.27
1643,7.382,10.00,0.92,0.16,7.19,0.94,0.27
1230,7.191,10.00,0.95,0.28,7.21,0.93,0.27
1309,7.442,10.00,0.94,0.11,7.33,0.95,0.27
1310,7.290,10.00,0.96,0.08,7.34,0.96,0.27
1233,7.306,10.00,0.94,0.35,7.24,0.93,0.27
1235,7.226,10.00,0.94,0.27,7.28,0.93,0.28
1662,7.508,10.00,0.95,-0.06,7.47,0.92,0.28
1225,7.504,10.00,0.94,0.15,7.25,0.93,0.28
1239,7.257,10.00,0.95,0.13,7.36,0.92,0.28
1656,7.493,10.00,0.96,0.06,7.30,0.95,0.28
1457,4.363,7.24,0.49,0.02,5.30,0.75,0.29
1231,7.250,10.00,0.93,0.29,7.22,0.90,0.29
1639,7.241,10.00,0.92,0.15,7.14,0.91,0.29
1641,7.266,10.00,0.90,0.22,7.17,0.86,0.29
1661,7.694,10.00,0.95,0.04,7.44,0.91,0.29
1227,7.604,10.00,0.97,0.28,7.14,0.88,0.29
1305,7.603,10.00,0.95,0.26,7.29,0.95,0.30
1021,7.131,10.00,0.92,-0.05,7.22,0.79,0.30
1660,7.509,10.00,0.93,0.10,7.41,0.93,0.30
1658,7.459,10.00,0.93,0.09,7.35,0.93,0.30
557,7.445,10.00,0.94,0.04,7.11,0.92,0.31
1232,7.280,10.00,0.96,0.24,7.23,0.94,0.31
1640,7.516,10.00,0.92,0.13,7.16,0.91,0.31
1659,7.474,10.00,0.95,0.18,7.38,0.92,0.32
555,7.354,10.00,0.94,0.10,7.06,0.94,0.32
1229,7.224,10.00,0.98,0.25,7.20,0.92,0.32
598,4.254,9.33,0.53,-0.27,6.49,0.66,0.32
1655,7.776,10.00,0.95,0.14,7.27,0.95,0.32
1645,7.434,10.00,0.92,0.16,7.21,0.94,0.32
920,6.076,10.00,0.92,-0.24,6.39,0.77,0.33
1025,7.061,10.00,0.91,0.04,7.26,0.90,0.33
1228,7.381,10.00,0.94,0.30,7.16,0.89,0.33
797,7.060,10.00,0.94,0.22,7.22,0.91,0.34
1810,6.866,10.00,0.89,0.02,6.62,0.85,0.34
1654,7.525,10.00,0.94,0.13,7.22,0.89,0.34
599,4.349,9.37,0.56,-0.25,6.49,0.72,0.35
597,4.203,9.26,0.50,-0.25,6.48,0.63,0.35
1811,7.097,10.00,0.91,0.06,6.64,0.88,0.36
800,7.035,10.00,0.96,0.01,7.25,0.88,0.36
1024,6.967,10.00,0.94,0.02,7.26,0.88,0.36
75,7.309,10.00,0.95,0.33,7.27,0.92,0.36
1216,7.564,10.00,0.94,0.34,7.15,0.93,0.36
1224,7.425,10.00,0.94,0.21,7.24,0.89,0.36
556,7.420,10.00,0.93,-0.00,7.08,0.92,0.36
305,7.415,10.00,0.93,0.16,7.34,0.95,0.36
798,6.962,10.00,0.94,0.14,7.23,0.86,0.36
1222,7.459,10.00,0.94,0.25,7.22,0.92,0.36
70,7.450,10.00,0.95,0.32,7.22,0.93,0.37
1022,6.891,10.00,0.88,0.11,7.24,0.94,0.37
1303,7.678,10.00,0.95,0.15,7.22,0.95,0.37
72,7.196,10.00,0.94,0.27,7.24,0.94,0.37
296,7.486,10.00,0.94,0.26,7.18,0.93,0.37
1223,7.463,10.00,0.94,0.16,7.23,0.92,0.37
306,7.175,10.00,0.92,0.11,7.36,0.95,0.37
799,7.255,10.00,0.94,0.07,7.24,0.89,0.37
1023,6.702,10.00,0.93,0.05,7.26,0.93,0.38
71,7.406,10.00,0.97,0.37,7.23,0.94,0.38
304,7.245,10.00,0.92,0.21,7.32,0.91,0.39
1026,7.243,10.00,0.90,-0.02,7.26,0.88,0.39
1019,7.101,10.00,0.93,0.11,7.18,0.96,0.39
1027,7.404,10.00,0.91,-0.05,7.26,0.93,0.39
1301,7.416,10.00,0.96,0.11,7.13,0.96,0.40
542,6.453,10.00,0.96,-0.08,6.90,0.95,0.40
796,7.041,10.00,0.96,0.17,7.21,0.87,0.40
76,7.250,10.00,0.94,0.24,7.30,0.92,0.40
1215,7.502,10.00,0.96,0.35,7.14,0.92,0.40
1020,6.964,10.00,0.91,0.06,7.20,0.92,0.40
1834,7.233,10.00,0.93,0.23,7.23,0.84,0.40
78,7.177,10.00,0.94,0.15,7.36,0.92,0.40
1304,7.444,10.00,0.94,0.18,7.26,0.96,0.40
794,7.018,10.00,0.97,0.26,7.19,0.92,0.41
301,7.594,10.00,0.94,0.32,7.26,0.92,0.41
1653,7.473,10.00,0.95,0.29,7.15,0.92,0.41
795,6.830,10.00,0.95,0.23,7.20,0.89,0.41
1306,7.596,10.00,0.96,0.13,7.30,0.95,0.41
1458,4.030,7.27,0.56,-0.00,5.46,0.77,0.41
77,7.257,10.00,0.95,0.32,7.33,0.91,0.41
1220,7.324,10.00,0.88,0.26,7.20,0.90,0.41
616,7.037,10.00,0.93,0.18,7.13,0.89,0.41
554,7.393,10.00,0.94,0.09,7.04,0.92,0.41
297,7.488,10.00,0.94,0.25,7.20,0.92,0.41
298,7.650,10.00,0.95,0.23,7.22,0.93,0.41
618,7.074,10.00,0.89,0.15,7.19,0.84,0.41
600,4.288,9.41,0.56,-0.23,6.50,0.72,0.42
1833,7.103,10.00,0.94,0.29,7.21,0.81,0.42
1214,7.631,10.00,0.94,0.37,7.10,0.88,0.42
1018,7.097,10.00,0.95,0.10,7.17,0.91,0.42
621,7.312,10.00,0.91,-0.06,7.28,0.86,0.42
1828,6.881,10.00,0.93,0.37,7.14,0.89,0.43
303,7.413,10.00,0.94,0.25,7.30,0.93,0.43
79,7.234,10.00,0.94,0.12,7.39,0.92,0.43
69,7.254,10.00,0.95,0.31,7.18,0.92,0.43
73,7.364,10.00,0.93,0.27,7.25,0.93,0.43
1017,6.958,10.00,0.94,0.13,7.10,0.94,0.43
299,7.426,10.00,0.92,0.25,7.23,0.95,0.43
1221,7.541,10.00,0.93,0.24,7.20,0.91,0.43
1217,7.471,10.00,0.94,0.29,7.16,0.88,0.43
1873,5.940,8.61,0.96,-0.03,6.38,0.95,0.43
308,7.025,10.00,0.93,0.05,7.40,0.89,0.43
307,7.109,10.00,0.93,0.11,7.38,0.91,0.44
1827,6.869,10.00,0.95,0.34,7.13,0.90,0.44
302,7.304,10.00,0.92,0.27,7.28,0.94,0.44
74,7.289,10.00,0.92,0.32,7.26,0.92,0.44
1471,6.148,10.00,0.92,-0.11,6.42,0.64,0.45
1213,7.452,10.00,0.94,0.34,7.08,0.90,0.45
617,6.874,10.00,0.91,0.15,7.16,0.87,0.45
1831,6.515,10.00,0.94,0.30,7.17,0.83,0.46
1219,7.321,10.00,0.91,0.33,7.18,0.91,0.46
92,7.195,10.00,0.96,0.06,7.33,0.90,0.46
107,5.173,9.58,0.89,-0.21,6.58,0.85,0.46
1832,6.824,10.00,0.95,0.25,7.19,0.82,0.46
596,4.102,9.18,0.54,-0.25,6.48,0.56,0.46
620,7.035,10.00,0.89,0.06,7.25,0.88,0.46
1872,6.019,8.55,0.93,-0.04,6.36,0.91,0.46
93,7.213,10.00,0.92,0.01,7.30,0.91,0.46
1877,6.421,8.78,0.94,0.12,6.48,0.99,0.46
300,7.415,10.00,0.95,0.29,7.25,0.92,0.47
156,6.904,10.00,0.89,0.06,7.14,0.87,0.47
1875,5.972,8.71,0.97,0.37,6.42,0.98,0.47
1856,6.062,9.78,0.89,-0.16,6.80,0.83,0.47
787,7.144,10.00,0.97,0.24,7.01,0.94,0.47
615,6.984,10.00,0.94,0.09,7.12,0.90,0.47
1852,5.786,9.54,0.91,-0.11,6.74,0.81,0.48
1257,4.267,6.90,0.77,-0.01,4.86,0.88,0.48
1830,6.758,10.00,0.91,0.35,7.16,0.86,0.48
1835,7.157,10.00,0.94,0.27,7.25,0.85,0.49
922,6.798,10.00,0.89,-0.03,6.64,0.70,0.49
788,7.568,10.00,0.98,0.32,7.08,0.89,0.49
81,7.122,10.00,0.94,0.30,7.07,0.94,0.49
1836,6.798,10.00,0.93,0.20,7.27,0.88,0.49
1866,6.310,9.94,0.92,-0.08,6.92,0.91,0.49
80,7.137,10.00,0.94,0.21,7.42,0.91,0.49
619,7.118,10.00,0.92,0.03,7.22,0.88,0.50
157,6.949,10.00,0.93,-0.06,7.16,0.87,0.50
594,4.156,9.14,0.61,-0.22,6.49,0.61,0.50
1823,6.802,10.00,0.97,0.34,7.04,0.84,0.50
601,4.122,9.44,0.52,-0.20,6.51,0.64,0.50
294,7.418,10.00,0.96,0.26,7.13,0.96,0.50
1302,7.632,10.00,0.94,0.02,7.15,0.95,0.50
1218,7.407,10.00,0.92,0.30,7.17,0.92,0.50
108,5.701,10.00,0.90,0.04,6.59,0.90,0.51
1470,6.811,10.00,0.82,-0.02,6.40,0.53,0.51
1879,6.154,8.85,0.92,0.30,6.54,0.97,0.51
155,6.855,10.00,0.94,0.00,7.12,0.86,0.51
68,7.285,10.00,0.97,0.35,7.17,0.89,0.51
90,7.294,10.00,0.91,0.13,7.27,0.89,0.52
468,4.369,7.88,0.63,-0.06,5.47,0.75,0.52
1878,6.205,8.82,0.92,0.32,6.51,0.97,0.52
1712,3.786,7.88,0.74,0.30,5.85,0.83,0.52
1871,5.739,8.49,0.92,0.04,6.34,0.93,0.52
91,7.396,10.00,0.91,0.05,7.30,0.90,0.52
89,7.048,10.00,0.93,0.08,7.24,0.89,0.52
1258,4.101,6.94,0.65,-0.02,4.94,0.82,0.53
175,4.408,8.10,0.51,-0.08,5.51,0.78,0.53
1860,6.561,9.93,0.90,-0.07,6.85,0.90,0.53
595,3.801,9.12,0.54,-0.23,6.48,0.50,0.53
1874,6.049,8.66,0.95,0.06,6.40,0.95,0.54
158,6.928,10.00,0.92,0.05,7.18,0.86,0.54
1855,6.296,9.71,0.92,-0.12,6.78,0.83,0.54
147,5.821,9.86,0.92,-0.19,6.64,0.66,0.55
83,7.303,10.00,0.91,0.13,7.14,0.90,0.55
1824,6.986,10.00,0.95,0.33,7.07,0.76,0.55
1259,4.556,6.93,0.82,-0.06,4.99,0.78,0.55
1857,6.554,9.83,0.89,-0.08,6.81,0.85,0.56
88,7.076,10.00,0.93,0.10,7.10,0.90,0.56
793,6.760,10.00,0.96,0.33,7.18,0.88,0.56
1825,6.907,10.00,0.96,0.34,7.10,0.82,0.56
602,4.448,9.47,0.53,-0.25,6.49,0.61,0.56
106,5.168,9.56,0.78,-0.23,6.55,0.77,0.56
579,6.714,10.00,0.95,-0.17,7.42,0.82,0.56
614,6.965,10.00,0.93,0.02,7.11,0.89,0.57
87,6.950,10.00,0.90,0.12,7.19,0.89,0.57
546,4.573,7.48,0.63,0.11,5.70,0.80,0.57
1829,6.918,10.00,0.94,0.35,7.15,0.91,0.57
578,6.690,10.00,0.96,-0.13,7.40,0.83,0.57
537,5.629,10.00,0.92,-0.16,6.80,0.81,0.57
589,4.118,7.64,0.70,0.11,5.47,0.81,0.57
792,6.965,10.00,0.96,0.30,7.17,0.90,0.57
154,7.104,10.00,0.91,0.02,7.11,0.89,0.57
541,6.035,10.00,0.93,-0.10,6.88,0.89,0.58
465,5.009,8.11,0.69,0.13,5.32,0.77,0.58
789,7.046,10.00,0.96,0.32,7.11,0.83,0.58
947,5.364,8.31,0.79,0.48,5.44,0.87,0.58
577,6.666,10.00,0.92,-0.14,7.38,0.82,0.58
110,4.824,10.00,0.91,-0.05,6.65,0.87,0.58
606,5.123,9.57,0.72,-0.22,6.41,0.76,0.58
528,5.462,9.02,0.70,-0.13,6.67,0.92,0.58
66,5.488,9.52,0.78,-0.17,6.72,0.84,0.58
1859,6.444,9.90,0.92,-0.04,6.84,0.89,0.59
1089,4.149,8.53,0.68,-0.07,5.36,0.57,0.59
1826,7.029,10.00,0.96,0.40,7.13,0.84,0.59
949,4.704,8.55,0.69,0.46,5.63,0.88,0.59
1711,3.640,7.89,0.69,0.10,5.80,0.85,0.59
1096,4.483,8.52,0.85,-0.05,5.57,0.47,0.59
603,4.451,9.52,0.59,-0.24,6.47,0.82,0.59
791,7.007,10.00,0.98,0.38,7.16,0.95,0.59
951,4.623,8.89,0.71,0.07,5.83,0.89,0.59
1086,6.910,10.00,0.93,0.18,7.22,0.93,0.60
1854,5.664,9.67,0.88,-0.14,6.77,0.81,0.60
1865,6.600,9.98,0.93,-0.10,6.91,0.90,0.60
576,6.635,10.00,0.93,-0.12,7.36,0.83,0.60
1262,4.181,7.03,0.75,-0.05,5.14,0.69,0.60
104,5.304,9.56,0.78,-0.20,6.49,0.71,0.61
1187,4.623,8.41,0.79,0.68,5.84,0.88,0.61
571,6.649,10.00,0.94,-0.15,7.26,0.84,0.61
860,6.118,10.00,0.89,-0.26,7.52,0.81,0.61
1867,5.232,8.19,0.90,-0.12,6.14,0.78,0.61
1710,3.445,7.86,0.68,0.15,5.75,0.81,0.61
82,7.181,10.00,0.93,0.29,7.10,0.88,0.61
1853,5.694,9.60,0.87,-0.17,6.75,0.79,0.61
1116,7.443,9.83,0.76,-0.16,6.70,0.74,0.61
1858,6.450,9.86,0.86,0.07,6.82,0.87,0.62
103,5.147,9.61,0.79,-0.20,6.46,0.76,0.62
859,5.908,10.00,0.88,-0.25,7.51,0.81,0.62
854,5.923,10.00,0.90,-0.14,7.45,0.84,0.62
790,7.257,10.00,0.97,0.35,7.15,0.86,0.62
1188,4.154,8.46,0.80,0.65,5.87,0.89,0.62
953,5.197,8.97,0.73,0.06,5.91,0.91,0.62
540,6.091,10.00,0.93,-0.14,6.86,0.89,0.62
1253,6.113,8.60,0.87,0.03,6.78,0.88,0.62
575,6.475,10.00,0.88,-0.09,7.34,0.79,0.62
569,6.798,10.00,0.94,-0.10,7.22,0.85,0.62
1863,6.336,9.97,0.91,-0.09,6.89,0.90,0.63
570,6.959,10.00,0.92,-0.10,7.24,0.90,0.63
1117,6.680,9.85,0.78,-0.09,6.72,0.78,0.63
159,6.892,10.00,0.93,-0.12,7.20,0.81,0.63
1179,4.550,7.14,0.67,0.09,5.12,0.81,0.63
1693,5.104,7.99,0.86,0.01,6.35,0.70,0.63
1115,7.320,9.83,0.77,-0.09,6.68,0.79,0.63
1186,4.224,8.36,0.75,0.69,5.81,0.81,0.63
161,6.839,10.00,0.90,-0.16,7.24,0.77,0.63
328,6.063,9.85,0.84,0.17,6.86,0.74,0.63
178,5.082,9.22,0.85,0.28,6.02,0.83,0.63
466,4.906,7.93,0.90,0.00,5.37,0.65,0.63
952,4.859,8.93,0.70,0.14,5.87,0.91,0.63
130,4.310,8.33,0.71,0.01,6.38,0.90,0.64
483,5.168,9.80,0.81,-0.13,6.64,0.83,0.64
1247,5.772,8.57,0.87,0.04,6.61,0.86,0.64
1266,5.164,7.09,0.61,0.01,5.35,0.79,0.64
948,5.044,8.37,0.81,0.42,5.49,0.89,0.64
1184,4.176,8.23,0.76,0.69,5.73,0.78,0.64
27,5.317,9.30,0.81,-0.18,6.46,0.53,0.64
728,7.498,10.00,0.98,0.30,7.30,0.94,0.64
538,5.650,10.00,0.94,-0.15,6.82,0.84,0.64
1406,6.201,10.00,0.88,-0.12,6.89,0.83,0.64
768,4.682,9.48,0.64,0.24,6.48,0.77,0.64
574,6.358,10.00,0.90,-0.14,7.32,0.82,0.64
1246,5.448,8.53,0.89,0.02,6.59,0.85,0.64
732,7.575,10.00,0.98,0.16,7.30,0.95,0.64
1000,5.494,9.62,0.82,-0.10,6.23,0.78,0.65
491,6.019,9.38,0.80,-0.19,6.72,0.79,0.65
1881,6.525,9.46,0.95,-0.03,6.54,0.80,0.65
1191,4.431,8.55,0.80,0.47,5.96,0.82,0.65
1189,4.411,8.52,0.77,0.49,5.90,0.91,0.65
684,3.824,7.48,0.65,0.38,5.55,0.48,0.65
605,4.892,9.62,0.67,-0.26,6.43,0.81,0.65
517,6.839,8.88,0.73,-0.10,6.38,0.67,0.65
1759,5.272,10.00,0.69,-0.24,6.46,0.45,0.65
1698,3.922,7.49,0.78,-0.03,4.87,0.79,0.65
177,4.939,9.17,0.88,0.27,5.99,0.83,0.65
853,5.959,10.00,0.92,-0.15,7.43,0.82,0.65
376,3.956,7.99,0.72,-0.12,5.53,0.53,0.65
150,7.117,10.00,0.92,0.01,7.04,0.89,0.65
536,5.556,10.00,0.92,-0.15,6.77,0.77,0.65
105,5.152,9.56,0.79,-0.23,6.52,0.73,0.65
141,5.876,9.84,0.92,-0.18,6.40,0.72,0.65
1709,3.347,7.84,0.71,0.12,5.70,0.80,0.65
102,5.252,9.61,0.80,-0.21,6.43,0.73,0.65
145,5.553,9.81,0.90,-0.12,6.58,0.62,0.65
568,6.283,10.00,0.92,-0.08,7.20,0.80,0.65
855,5.880,10.00,0.92,-0.16,7.47,0.83,0.65
573,6.467,10.00,0.88,-0.12,7.30,0.80,0.66
132,5.114,8.47,0.67,-0.05,6.48,0.90,0.66
223,6.837,9.61,0.91,-0.05,6.45,0.81,0.66
140,5.749,9.83,0.90,-0.22,6.34,0.65,0.66
1071,3.975,7.64,0.84,-0.04,4.98,0.65,0.66
1684,4.432,7.61,0.73,0.00,6.10,0.82,0.66
857,5.911,10.00,0.88,-0.21,7.49,0.85,0.66
890,6.168,10.00,0.97,-0.06,6.58,0.87,0.66
492,5.946,9.40,0.83,-0.17,6.74,0.72,0.66
224,7.038,9.64,0.92,-0.07,6.47,0.83,0.66
1631,4.314,8.20,0.82,-0.02,5.42,0.58,0.66
531,5.452,10.00,0.90,-0.22,6.57,0.64,0.66
1668,2.688,8.40,0.59,0.23,5.87,0.45,0.66
862,5.598,9.32,0.84,-0.11,6.39,0.65,0.66
1083,6.613,10.00,0.92,0.35,7.22,0.91,0.66
144,5.178,9.79,0.93,-0.13,6.55,0.66,0.66
765,4.768,9.55,0.58,0.20,6.41,0.80,0.66
1596,5.793,10.00,0.81,-0.11,7.42,0.71,0.66
1840,7.158,10.00,0.91,0.20,6.85,0.83,0.67
493,5.964,9.38,0.86,-0.11,6.76,0.80,0.67
539,5.938,10.00,0.94,-0.10,6.84,0.86,0.67
1839,7.280,10.00,0.95,0.25,6.83,0.88,0.67
143,5.719,9.82,0.92,-0.09,6.52,0.62,0.67
567,7.008,10.00,0.94,-0.03,7.18,0.83,0.67
680,4.622,7.46,0.65,0.29,4.59,0.61,0.67
1082,6.452,10.00,0.94,0.40,7.20,0.90,0.67
1765,5.607,10.00,0.88,-0.24,6.64,0.64,0.67
833,3.570,8.33,0.71,-0.08,4.74,0.78,0.67
139,5.225,9.81,0.91,-0.17,6.28,0.66,0.67
1688,4.263,7.77,0.75,-0.12,6.25,0.78,0.67
160,6.772,10.00,0.88,-0.17,7.22,0.78,0.67
1251,6.476,8.70,0.84,0.01,6.72,0.92,0.67
1667,3.164,8.56,0.59,0.32,6.05,0.47,0.67
999,5.647,9.49,0.82,-0.02,6.23,0.78,0.67
1861,6.628,9.93,0.89,-0.03,6.87,0.92,0.67
921,6.585,10.00,0.93,0.01,6.44,0.82,0.68
137,5.564,9.68,0.91,-0.20,6.20,0.68,0.68
1095,4.199,8.51,0.74,-0.08,5.54,0.60,0.68
1862,6.171,9.95,0.90,-0.07,6.88,0.89,0.68
1039,3.830,6.68,0.55,0.20,4.48,0.77,0.68
65,5.062,9.45,0.81,-0.16,6.69,0.81,0.68
1320,5.436,8.34,0.55,0.14,5.70,0.54,0.68
261,3.706,6.75,0.42,-0.06,5.06,0.49,0.68
612,6.621,10.00,0.95,0.03,7.09,0.91,0.68
1851,7.028,10.00,0.94,0.03,6.81,0.85,0.68
1687,4.381,7.72,0.76,0.06,6.24,0.78,0.68
86,7.499,10.00,0.95,0.17,7.10,0.92,0.68
613,6.702,10.00,0.93,0.07,7.10,0.90,0.68
1663,5.323,8.65,0.71,0.12,6.39,0.66,0.68
1050,3.869,6.97,0.55,0.00,5.83,0.76,0.68
1848,6.992,10.00,0.92,0.20,6.84,0.87,0.68
142,5.812,9.86,0.88,-0.05,6.46,0.65,0.68
527,6.455,9.08,0.76,-0.11,6.64,0.88,0.68
1190,4.434,8.55,0.76,0.56,5.93,0.90,0.68
1182,4.932,7.15,0.74,0.07,5.52,0.87,0.68
678,4.845,7.42,0.57,0.24,3.68,0.41,0.68
1180,4.280,7.16,0.68,-0.03,5.32,0.82,0.68
1864,6.372,9.98,0.92,-0.10,6.90,0.88,0.68
1603,7.294,10.00,0.95,-0.15,7.23,0.83,0.68
508,4.763,9.27,0.73,-0.09,6.08,0.66,0.68
767,5.140,9.44,0.66,0.22,6.46,0.73,0.69
1669,3.462,8.44,0.46,0.04,5.52,0.45,0.69
1001,5.330,9.63,0.83,-0.07,6.23,0.76,0.69
533,5.487,10.00,0.91,-0.17,6.69,0.74,0.69
858,5.794,10.00,0.89,-0.26,7.50,0.77,0.69
1664,4.979,8.65,0.84,0.08,6.40,0.75,0.69
946,5.076,8.25,0.81,0.44,5.39,0.93,0.69
129,4.556,8.27,0.65,-0.09,6.33,0.87,0.69
611,6.725,10.00,0.94,0.10,7.09,0.84,0.69
221,6.691,9.55,0.88,-0.08,6.40,0.78,0.69
1041,5.148,6.84,0.72,0.18,4.90,0.88,0.69
1087,6.733,10.00,0.92,0.09,7.22,0.92,0.69
1841,7.164,10.00,0.93,0.24,6.87,0.83,0.69
1619,4.212,9.05,0.83,0.31,6.60,0.80,0.69
610,6.641,10.00,0.93,0.13,7.07,0.84,0.69
28,5.605,9.31,0.84,-0.17,6.48,0.59,0.69
1085,6.676,10.00,0.94,0.25,7.22,0.92,0.69
590,4.922,7.67,0.68,0.44,5.50,0.72,0.69
832,3.739,8.27,0.71,-0.03,4.71,0.74,0.69
1181,4.654,7.16,0.74,0.05,5.42,0.90,0.69
1040,4.891,6.74,0.60,0.20,4.62,0.91,0.69
1636,4.212,9.06,0.78,-0.18,5.03,0.71,0.69
254,4.419,7.57,0.71,0.00,5.24,0.66,0.69
1113,6.802,9.79,0.88,-0.05,6.65,0.78,0.69
1157,5.074,9.76,0.74,-0.18,6.75,0.50,0.69
518,6.740,8.90,0.76,-0.06,6.42,0.67,0.69
1183,4.439,8.16,0.61,0.64,5.70,0.69,0.69
135,5.617,9.58,0.86,-0.22,6.14,0.67,0.69
1408,6.242,10.00,0.88,-0.23,6.97,0.88,0.70
1084,6.591,10.00,0.93,0.35,7.22,0.92,0.70
136,5.463,9.68,0.90,-0.22,6.17,0.64,0.70
1842,7.115,10.00,0.92,0.16,6.86,0.86,0.70
593,3.707,9.12,0.55,-0.27,6.50,0.46,0.70
151,6.854,10.00,0.93,0.02,7.08,0.81,0.70
1846,6.864,10.00,0.90,0.22,6.86,0.85,0.70
1114,6.910,9.81,0.82,-0.10,6.66,0.83,0.70
856,5.955,10.00,0.90,-0.06,7.48,0.84,0.70
1761,4.888,10.00,0.80,-0.23,6.51,0.54,0.70
174,4.976,8.10,0.44,-0.02,5.47,0.77,0.70
1691,4.896,7.91,0.81,0.00,6.30,0.85,0.70
1248,6.275,8.60,0.84,0.10,6.63,0.82,0.70
101,5.481,9.59,0.77,-0.17,6.41,0.67,0.70
769,4.750,9.45,0.57,0.18,6.51,0.78,0.70
572,6.667,10.00,0.91,-0.12,7.28,0.88,0.70
566,6.583,10.00,0.94,0.13,7.14,0.79,0.70
1491,4.395,7.96,0.86,-0.05,5.79,0.69,0.70
31,5.249,9.35,0.81,-0.17,6.57,0.44,0.70
1629,4.455,8.11,0.91,0.08,5.37,0.71,0.70
131,4.499,8.40,0.71,-0.04,6.43,0.90,0.70
489,5.795,9.30,0.82,-0.16,6.69,0.79,0.70
545,4.507,7.41,0.64,0.08,5.64,0.69,0.70
332,6.636,9.93,0.86,0.11,6.89,0.79,0.70
1760,5.309,10.00,0.74,-0.22,6.48,0.47,0.70
886,5.534,10.00,0.93,-0.04,6.34,0.78,0.70
1845,7.151,10.00,0.90,0.22,6.86,0.87,0.70
1263,3.671,7.03,0.71,-0.03,5.20,0.73,0.70
84,7.471,10.00,0.94,0.13,7.15,0.94,0.70
547,4.298,7.55,0.72,0.04,5.75,0.74,0.70
668,3.412,7.63,0.64,0.01,5.08,0.68,0.71
651,5.901,8.85,0.83,0.17,6.07,0.66,0.71
138,5.526,9.76,0.92,-0.16,6.23,0.70,0.71
519,4.741,8.93,0.73,-0.13,6.44,0.75,0.71
1850,6.944,10.00,0.92,0.14,6.82,0.84,0.71
1699,4.318,7.52,0.71,-0.01,4.96,0.72,0.71
3,4.758,7.64,0.54,0.12,5.16,0.60,0.71
250,4.785,7.49,0.71,-0.10,5.02,0.72,0.71
226,7.140,9.67,0.91,-0.09,6.52,0.78,0.71
1094,4.673,8.50,0.76,-0.02,5.51,0.49,0.71
681,3.889,7.48,0.55,0.28,5.05,0.51,0.71
1547,5.811,10.00,0.94,0.04,6.80,0.94,0.71
1118,6.236,9.87,0.76,-0.15,6.74,0.72,0.71
725,6.888,10.00,0.98,0.27,7.32,0.89,0.71
134,5.658,9.49,0.92,-0.25,6.11,0.71,0.71
889,6.272,10.00,0.95,-0.06,6.52,0.85,0.71
1849,6.883,10.00,0.90,0.12,6.83,0.82,0.71
1843,7.026,10.00,0.90,0.21,6.86,0.82,0.71
227,6.981,9.66,0.90,-0.12,6.55,0.71,0.71
1100,4.314,8.53,0.80,-0.11,5.70,0.47,0.71
1261,3.716,7.00,0.70,-0.08,5.09,0.83,0.71
152,7.111,10.00,0.94,-0.01,7.09,0.88,0.71
1392,5.594,9.00,0.85,-0.14,6.18,0.93,0.71
1211,5.449,8.14,0.77,0.17,6.46,0.79,0.71
425,6.238,10.00,0.88,0.02,7.14,0.84,0.71
727,7.501,10.00,0.97,0.31,7.28,0.92,0.71
770,4.653,9.56,0.57,0.19,6.54,0.77,0.71
1252,5.819,8.65,0.85,0.01,6.75,0.80,0.71
885,5.950,10.00,0.93,-0.04,6.28,0.74,0.71
1323,5.831,8.43,0.69,0.05,5.81,0.71,0.71
109,5.937,10.00,0.88,-0.00,6.63,0.86,0.71
771,4.717,9.58,0.71,0.22,6.57,0.73,0.71
96,4.817,9.47,0.68,-0.03,6.26,0.60,0.72
1097,3.923,8.54,0.87,0.06,5.61,0.45,0.72
1321,4.823,8.36,0.56,0.09,5.73,0.59,0.72
1689,4.497,7.82,0.73,-0.07,6.27,0.75,0.72
679,4.413,7.44,0.75,0.29,4.14,0.48,0.72
1170,5.386,8.87,0.66,-0.24,6.53,0.82,0.72
1595,5.903,10.00,0.78,-0.06,7.39,0.71,0.72
260,3.792,6.72,0.33,-0.02,4.96,0.43,0.72
1694,5.829,8.04,0.66,0.12,6.38,0.83,0.72
146,5.234,9.85,0.90,-0.17,6.61,0.64,0.72
1178,4.971,6.98,0.82,-0.02,4.83,0.64,0.72
729,7.510,10.00,0.98,0.28,7.30,0.95,0.72
1038,4.339,7.41,0.70,-0.01,5.95,0.55,0.72
685,3.615,7.48,0.54,0.42,5.57,0.59,0.72
1407,6.111,10.00,0.86,-0.25,6.93,0.87,0.72
255,4.206,7.60,0.76,-0.00,5.29,0.64,0.72
128,4.633,8.22,0.60,-0.07,6.28,0.81,0.72
149,7.219,10.00,0.92,0.07,7.02,0.90,0.72
222,7.001,9.54,0.91,-0.06,6.42,0.77,0.72
329,5.698,9.89,0.81,0.24,6.87,0.66,0.72
207,4.739,9.49,0.88,-0.19,4.68,0.82,0.72
1685,5.064,7.66,0.70,0.02,6.15,0.82,0.72
1637,4.396,9.07,0.76,-0.19,5.12,0.60,0.72
1945,3.735,7.98,0.77,-0.09,5.44,0.73,0.72
1734,4.361,7.32,0.51,-0.04,5.43,0.72,0.73
781,4.542,9.25,0.73,-0.00,5.86,0.65,0.73
1068,4.667,7.64,0.80,-0.10,4.87,0.82,0.73
15,5.269,9.30,0.73,-0.17,6.64,0.57,0.73
251,3.955,7.52,0.74,-0.07,5.07,0.62,0.73
535,5.367,10.00,0.90,-0.20,6.74,0.75,0.73
1393,5.869,9.05,0.85,-0.11,6.19,0.92,0.73
730,7.476,10.00,0.97,0.25,7.30,0.94,0.73
475,4.753,9.49,0.88,-0.06,6.42,0.84,0.73
1092,4.772,8.47,0.86,0.06,5.45,0.67,0.73
256,4.647,7.63,0.78,-0.06,5.34,0.61,0.73
471,4.842,9.39,0.85,-0.05,6.32,0.85,0.73
1249,5.924,8.64,0.83,0.08,6.66,0.81,0.73
220,6.321,9.51,0.89,-0.02,6.37,0.78,0.73
233,6.110,9.52,0.83,-0.05,6.68,0.79,0.73
1267,5.004,7.11,0.68,0.03,5.40,0.83,0.73
215,3.499,9.75,0.77,-0.25,5.75,0.85,0.73
258,4.741,7.69,0.68,-0.00,5.44,0.68,0.73
1615,6.502,10.00,0.93,-0.12,7.50,0.78,0.73
490,5.961,9.34,0.79,-0.08,6.71,0.83,0.73
1614,6.457,10.00,0.95,-0.05,7.47,0.78,0.73
4,3.832,7.62,0.52,0.16,5.19,0.50,0.73
216,3.505,9.76,0.77,-0.25,5.82,0.82,0.73
1250,6.013,8.67,0.85,0.04,6.69,0.72,0.73
375,3.838,7.98,0.72,-0.07,5.50,0.50,0.73
550,4.100,7.71,0.75,0.05,5.90,0.75,0.73
1927,5.244,8.13,0.76,-0.10,5.23,0.77,0.73
1743,5.131,9.22,0.86,-0.14,6.51,0.62,0.73
1732,3.768,7.28,0.48,-0.07,5.35,0.77,0.73
495,5.840,9.36,0.85,-0.17,6.82,0.88,0.73
1632,4.550,8.30,0.81,-0.06,5.45,0.41,0.73
851,6.263,10.00,0.92,-0.05,7.39,0.81,0.73
331,6.494,9.88,0.83,0.15,6.88,0.75,0.73
1048,3.417,6.94,0.56,0.02,5.69,0.85,0.73
516,5.191,8.91,0.75,-0.08,6.35,0.64,0.73
1736,4.179,7.38,0.54,0.06,5.51,0.62,0.74
1630,4.435,8.08,0.85,-0.04,5.40,0.65,0.74
479,5.239,9.69,0.89,-0.08,6.52,0.87,0.74
387,5.490,8.14,0.62,-0.09,5.79,0.70,0.74
1847,6.804,10.00,0.90,0.14,6.85,0.76,0.74
1708,2.903,7.80,0.64,0.18,5.65,0.78,0.74
864,6.000,9.35,0.90,-0.08,6.44,0.77,0.74
1931,3.933,8.16,0.74,0.14,5.48,0.82,0.74
1051,6.012,9.84,0.87,0.20,6.49,0.84,0.74
849,5.845,10.00,0.89,-0.21,7.36,0.73,0.74
1666,4.038,8.73,0.58,0.13,6.23,0.53,0.74
388,5.213,8.10,0.62,-0.05,5.85,0.69,0.74
33,4.745,9.34,0.80,0.01,6.61,0.39,0.74
330,5.789,9.91,0.80,0.08,6.87,0.64,0.74
335,6.740,10.00,0.86,0.08,6.93,0.74,0.74
374,3.812,7.96,0.72,0.01,5.47,0.53,0.74
133,5.280,8.47,0.74,-0.01,6.53,0.78,0.74
1692,5.124,7.95,0.84,0.02,6.32,0.85,0.74
1210,4.910,8.09,0.77,0.12,6.35,0.77,0.74
1900,5.767,8.59,0.90,0.10,6.66,0.82,0.74
408,7.225,9.86,0.92,-0.08,7.11,0.94,0.74
1899,5.296,8.53,0.79,-0.01,6.65,0.83,0.74
530,5.332,10.00,0.90,-0.25,6.53,0.71,0.74
126,4.660,8.12,0.53,-0.02,6.19,0.74,0.74
814,7.332,10.00,0.95,0.09,7.35,0.83,0.74
984,3.808,7.95,0.80,-0.10,4.66,0.73,0.74
1101,4.153,8.56,0.80,-0.10,5.73,0.63,0.74
213,4.031,9.76,0.86,-0.10,5.60,0.79,0.74
1665,4.465,8.73,0.93,0.01,6.41,0.65,0.74
665,4.045,7.57,0.60,0.04,5.02,0.80,0.74
1886,7.067,9.83,0.93,-0.19,6.57,0.80,0.74
834,4.445,8.39,0.70,-0.05,4.77,0.80,0.74
1395,5.080,9.06,0.78,-0.12,6.21,0.93,0.74
482,6.004,9.82,0.88,-0.12,6.61,0.88,0.75
173,5.820,8.06,0.50,0.00,5.43,0.71,0.75
1110,6.525,9.83,0.88,-0.09,6.63,0.67,0.75
1844,7.249,10.00,0.93,0.27,6.86,0.79,0.75
1093,4.785,8.48,0.75,0.05,5.48,0.57,0.75
1255,4.277,6.88,0.73,-0.06,4.71,0.58,0.75
815,7.195,10.00,0.96,-0.05,7.37,0.83,0.75
954,5.284,8.96,0.66,0.14,5.95,0.92,0.75
1394,6.268,9.09,0.85,-0.08,6.20,0.91,0.75
1256,4.236,6.92,0.61,-0.05,4.78,0.65,0.75
212,4.128,9.73,0.86,-0.15,5.52,0.77,0.75
507,4.885,9.25,0.62,-0.13,6.06,0.58,0.75
671,4.874,7.79,0.63,0.04,5.33,0.74,0.75
544,4.445,7.34,0.60,-0.01,5.58,0.71,0.75
1946,3.638,8.02,0.75,-0.10,5.50,0.75,0.75
1634,6.269,9.80,0.80,-0.08,6.22,0.89,0.75
1586,6.116,10.00,0.82,-0.03,7.14,0.68,0.75
382,3.955,8.20,0.68,-0.08,5.53,0.73,0.75
476,5.016,9.53,0.88,0.02,6.44,0.89,0.75
592,3.675,8.99,0.65,-0.27,6.51,0.55,0.75
746,3.249,8.82,0.56,0.11,6.05,0.88,0.75
1330,4.703,8.38,0.82,-0.12,6.22,0.50,0.75
333,6.526,9.98,0.82,0.11,6.90,0.70,0.75
1328,4.386,8.28,0.67,-0.07,6.20,0.36,0.75
97,4.574,9.53,0.74,-0.09,6.30,0.50,0.75
1912,3.746,8.34,0.66,-0.17,5.43,0.64,0.75
1896,5.422,8.39,0.86,0.09,6.60,0.92,0.75
1884,7.478,9.72,0.93,-0.15,6.57,0.77,0.75
43,6.776,10.00,0.89,-0.17,6.74,0.82,0.75
469,5.088,9.31,0.92,0.04,6.26,0.86,0.75
1070,3.676,7.60,0.82,-0.05,4.94,0.66,0.75
604,4.659,9.57,0.62,-0.23,6.45,0.78,0.75
654,6.452,8.89,0.83,0.20,6.17,0.64,0.75
1254,3.737,6.89,0.68,0.08,4.63,0.75,0.75
1156,5.219,9.73,0.70,-0.19,6.74,0.46,0.76
1390,5.547,8.90,0.85,-0.05,6.16,0.91,0.76
887,5.882,10.00,0.91,-0.03,6.40,0.75,0.76
478,5.062,9.64,0.89,-0.07,6.49,0.86,0.76
1058,5.770,10.00,0.83,0.26,6.60,0.79,0.76
673,4.768,7.85,0.66,0.10,5.55,0.69,0.76
1161,5.615,9.88,0.88,-0.08,6.83,0.63,0.76
1359,5.677,9.28,0.87,0.19,6.46,0.67,0.76
1364,5.801,9.41,0.94,-0.07,6.53,0.85,0.76
1388,4.977,8.80,0.85,0.02,6.12,0.91,0.76
1173,5.057,8.92,0.53,-0.24,6.62,0.76,0.76
548,4.180,7.61,0.73,0.00,5.80,0.72,0.76
124,4.986,8.02,0.61,-0.07,6.11,0.84,0.76
784,4.462,9.30,0.70,-0.00,5.96,0.63,0.76
1154,5.455,9.72,0.80,-0.21,6.71,0.55,0.76
257,4.927,7.66,0.66,-0.01,5.39,0.72,0.76
835,4.543,8.44,0.62,-0.04,4.83,0.77,0.76
153,6.935,10.00,0.93,-0.05,7.10,0.86,0.76
1175,4.595,6.78,0.88,0.04,4.48,0.68,0.76
336,6.844,10.00,0.86,0.22,6.94,0.73,0.76
726,7.591,10.00,0.98,0.24,7.27,0.90,0.76
32,5.043,9.35,0.80,-0.15,6.59,0.58,0.76
477,5.387,9.58,0.89,-0.02,6.46,0.90,0.76
1245,5.386,8.48,0.80,-0.02,6.57,0.78,0.76
1621,4.181,9.19,0.84,0.14,6.62,0.82,0.76
1767,4.872,10.00,0.79,-0.14,6.72,0.63,0.76
480,5.605,9.73,0.89,-0.12,6.55,0.86,0.76
1064,4.014,7.59,0.76,-0.07,4.59,0.56,0.76
406,6.854,9.80,0.88,-0.06,7.07,0.91,0.76
232,6.451,9.59,0.90,-0.06,6.66,0.83,0.76
669,3.505,7.64,0.58,0.01,5.11,0.67,0.76
782,4.493,9.24,0.68,0.02,5.84,0.60,0.76
378,4.609,8.03,0.63,0.08,5.75,0.54,0.76
481,5.433,9.78,0.86,-0.15,6.58,0.87,0.76
1362,5.119,9.36,0.96,-0.00,6.49,0.76,0.76
1155,5.223,9.75,0.82,-0.23,6.72,0.55,0.76
401,7.271,9.68,0.92,0.05,6.97,0.88,0.76
182,6.086,8.77,0.83,-0.04,6.05,0.78,0.76
386,4.884,8.15,0.66,-0.13,5.73,0.78,0.76
326,4.486,7.36,0.58,0.02,4.82,0.65,0.76
100,4.911,9.55,0.76,-0.14,6.38,0.60,0.76
360,6.168,9.35,0.88,-0.04,6.54,0.80,0.76
231,6.191,9.59,0.88,-0.12,6.64,0.75,0.76
1764,5.326,10.00,0.88,-0.07,6.60,0.64,0.76
1762,5.580,10.00,0.86,-0.02,6.53,0.65,0.76
1112,6.963,9.75,0.87,-0.08,6.64,0.68,0.76
1690,4.967,7.87,0.70,0.06,6.28,0.69,0.76
650,5.788,10.00,0.78,-0.24,7.28,0.56,0.76
252,3.326,7.55,0.75,-0.02,5.13,0.74,0.76
743,4.179,8.67,0.61,0.05,5.93,0.82,0.76
125,4.724,8.07,0.58,-0.03,6.15,0.67,0.76
663,6.627,9.04,0.84,-0.01,6.48,0.91,0.77
1492,4.617,8.00,0.70,-0.11,5.84,0.72,0.77
1049,3.335,6.95,0.53,0.07,5.76,0.80,0.77
172,4.853,8.02,0.44,-0.06,5.39,0.73,0.77
249,4.036,7.45,0.77,-0.04,4.97,0.59,0.77
983,4.898,7.78,0.82,-0.09,4.57,0.62,0.77
1683,4.613,7.55,0.72,-0.09,6.06,0.70,0.77
1158,5.283,9.78,0.86,0.10,6.77,0.50,0.77
1162,5.650,9.93,0.86,-0.05,6.85,0.63,0.77
162,6.451,8.89,0.87,0.03,6.16,0.71,0.77
1620,3.977,9.12,0.81,0.26,6.61,0.74,0.77
850,6.057,10.00,0.90,-0.14,7.38,0.77,0.77
813,6.927,10.00,0.91,0.06,7.33,0.72,0.77
1209,4.737,8.04,0.82,0.13,6.24,0.85,0.77
85,7.401,10.00,0.95,0.12,7.16,0.92,0.77
1930,4.348,8.15,0.77,0.12,5.43,0.81,0.77
836,5.038,8.48,0.66,-0.11,4.89,0.73,0.77
1584,5.390,10.00,0.75,-0.10,7.08,0.52,0.77
1168,5.142,8.83,0.60,-0.21,6.44,0.57,0.77
1387,5.002,8.76,0.81,0.05,6.10,0.91,0.77
623,5.220,8.09,0.73,0.14,5.27,0.89,0.77
1902,5.023,8.67,0.76,-0.03,6.69,0.92,0.77
228,6.547,9.62,0.91,-0.02,6.58,0.80,0.77
1885,6.580,9.82,0.93,-0.23,6.57,0.77,0.77
470,5.081,9.37,0.85,-0.01,6.29,0.89,0.77
521,6.325,8.97,0.83,-0.15,6.48,0.72,0.77
1108,6.015,9.97,0.89,-0.04,6.70,0.84,0.77
664,6.262,9.06,0.77,-0.06,6.51,0.90,0.77
1029,4.640,7.44,0.78,-0.10,5.49,0.33,0.77
123,4.858,7.97,0.55,-0.02,6.07,0.66,0.77
1360,5.820,9.26,0.93,0.20,6.47,0.75,0.77
494,6.115,9.35,0.84,-0.02,6.79,0.85,0.77
94,4.728,9.17,0.85,-0.23,6.18,0.77,0.77
487,6.022,9.23,0.78,-0.11,6.66,0.74,0.77
1768,4.862,10.00,0.86,-0.11,6.76,0.51,0.77
269,4.161,7.96,0.72,0.42,5.88,0.93,0.78
5,3.783,7.70,0.52,0.24,5.22,0.53,0.78
987,3.701,7.20,0.59,0.12,4.91,0.79,0.78
1325,4.443,8.45,0.62,0.12,5.89,0.68,0.78
122,5.083,7.92,0.53,-0.07,6.02,0.63,0.78
1882,6.258,9.70,0.92,-0.23,6.55,0.68,0.78
742,4.342,8.60,0.61,-0.01,5.89,0.78,0.78
1613,6.513,10.00,0.91,-0.07,7.43,0.72,0.78
839,5.257,8.56,0.61,0.02,5.07,0.77,0.78
1099,4.678,8.53,0.78,-0.15,5.67,0.53,0.78
1260,3.798,6.99,0.70,-0.06,5.04,0.73,0.78
682,3.570,7.48,0.56,0.31,5.51,0.40,0.78
1265,4.616,7.06,0.58,-0.03,5.30,0.68,0.78
525,6.339,9.04,0.83,-0.17,6.58,0.76,0.78
1123,5.964,9.78,0.78,-0.12,6.89,0.87,0.78
672,5.252,7.82,0.63,0.09,5.44,0.73,0.78
473,4.735,9.46,0.86,-0.07,6.38,0.82,0.78
1358,5.841,9.25,0.89,0.08,6.45,0.73,0.78
778,4.725,9.15,0.75,-0.07,5.93,0.35,0.78
747,4.225,8.70,0.62,0.07,6.09,0.91,0.78
582,3.800,9.64,0.73,-0.15,5.68,0.68,0.78
407,7.136,9.83,0.90,-0.03,7.09,0.87,0.78
744,4.046,8.73,0.61,-0.04,5.97,0.89,0.78
229,6.375,9.58,0.91,-0.10,6.60,0.81,0.78
1159,5.125,9.81,0.74,-0.14,6.79,0.58,0.78
409,7.141,9.87,0.88,-0.11,7.13,0.94,0.78
183,5.781,8.80,0.81,-0.07,6.10,0.70,0.78
522,5.857,8.99,0.80,-0.19,6.50,0.78,0.78
583,3.918,9.64,0.83,-0.20,5.75,0.61,0.78
1062,5.428,10.00,0.84,0.12,6.72,0.92,0.78
163,5.956,8.88,0.76,0.02,6.22,0.87,0.78
334,6.599,10.00,0.86,0.20,6.91,0.73,0.78
309,4.160,6.99,0.53,0.08,4.09,0.66,0.78
1015,6.064,10.00,0.92,-0.25,6.79,0.78,0.78
1386,4.994,8.71,0.79,0.07,6.08,0.88,0.78
1747,4.764,9.26,0.68,-0.23,6.58,0.59,0.78
697,6.020,8.62,0.84,0.07,6.70,0.90,0.78
1602,6.995,10.00,0.96,-0.09,7.20,0.78,0.78
551,4.549,7.71,0.82,0.19,5.95,0.77,0.78
1671,5.548,10.00,0.83,-0.02,6.91,0.64,0.78
1111,6.829,9.82,0.88,-0.13,6.63,0.68,0.78
515,5.296,8.89,0.72,-0.01,6.32,0.64,0.79
1106,5.882,10.00,0.91,-0.07,6.64,0.87,0.79
1921,4.824,7.82,0.80,-0.01,4.42,0.72,0.79
1756,5.118,9.90,0.64,-0.19,6.36,0.42,0.79
1558,6.665,10.00,0.95,-0.10,7.14,0.95,0.79
119,4.319,7.78,0.67,0.07,5.90,0.61,0.79
191,5.916,9.07,0.83,-0.09,6.36,0.86,0.79
1516,4.500,7.60,0.87,0.03,4.55,0.68,0.79
520,5.934,8.96,0.81,-0.15,6.46,0.68,0.79
400,7.615,9.64,0.90,0.07,6.97,0.89,0.79
1069,4.313,7.61,0.82,-0.09,4.91,0.70,0.79
1409,6.139,10.00,0.95,-0.01,7.01,0.77,0.79
1389,5.313,8.85,0.81,-0.02,6.14,0.90,0.79
1585,5.648,10.00,0.81,-0.10,7.11,0.60,0.79
1908,5.467,8.99,0.85,-0.13,6.81,0.95,0.79
405,7.247,9.77,0.91,0.01,7.05,0.93,0.79
474,5.397,9.47,0.87,0.01,6.40,0.85,0.79
1949,3.160,7.83,0.72,-0.01,5.68,0.64,0.79
779,4.660,9.25,0.73,-0.02,5.91,0.31,0.79
967,5.970,10.00,0.94,-0.19,6.71,0.70,0.79
1897,5.480,8.44,0.80,0.20,6.61,0.89,0.79
127,4.636,8.16,0.58,-0.10,6.23,0.74,0.79
810,7.079,10.00,0.86,0.11,7.27,0.75,0.79
1013,6.273,10.00,0.93,-0.17,6.67,0.75,0.79
164,3.330,7.87,0.44,-0.01,5.01,0.58,0.79
1193,4.574,9.23,0.76,-0.18,5.51,0.85,0.79
385,4.119,8.19,0.62,-0.07,5.67,0.79,0.79
627,5.608,8.33,0.72,0.01,5.44,0.85,0.79
996,5.754,9.84,0.85,-0.03,6.26,0.71,0.79
1624,4.268,9.34,0.80,0.30,6.65,0.87,0.79
1571,4.652,9.43,0.92,-0.20,5.05,0.74,0.79
837,5.268,8.52,0.62,-0.05,4.95,0.71,0.79
1033,3.676,7.34,0.66,-0.02,5.74,0.53,0.79
1612,6.230,10.00,0.90,-0.03,7.41,0.76,0.79
1686,4.575,7.68,0.68,0.00,6.19,0.74,0.79
1319,5.138,8.31,0.61,0.10,5.68,0.45,0.79
1391,5.431,8.95,0.82,-0.07,6.17,0.91,0.79
218,3.471,9.79,0.77,-0.24,5.96,0.83,0.79
608,6.417,10.00,0.93,0.17,7.04,0.80,0.79
325,4.559,7.37,0.66,0.01,4.77,0.61,0.79
1322,5.549,8.39,0.63,0.09,5.77,0.63,0.79
812,7.331,10.00,0.92,0.15,7.31,0.77,0.79
534,5.364,10.00,0.89,-0.19,6.72,0.70,0.79
696,5.648,8.59,0.77,0.08,6.68,0.85,0.79
1075,4.416,7.73,0.69,-0.03,5.17,0.74,0.79
532,5.138,10.00,0.87,-0.23,6.62,0.61,0.79
1913,4.061,8.24,0.68,-0.17,5.43,0.71,0.79
9,4.220,7.97,0.56,0.04,5.30,0.52,0.79
377,3.973,8.03,0.62,0.09,5.72,0.56,0.79
1633,4.139,8.32,0.81,-0.06,5.51,0.39,0.79
1313,5.671,8.28,0.48,0.09,5.50,0.40,0.79
403,7.272,9.74,0.90,0.05,7.01,0.93,0.79
1493,4.595,8.03,0.84,-0.09,5.88,0.74,0.79
904,4.619,8.37,0.68,0.31,6.07,0.82,0.79
666,3.652,7.60,0.54,0.00,5.04,0.65,0.79
230,6.333,9.58,0.90,-0.18,6.62,0.76,0.79
179,5.374,8.69,0.83,-0.04,5.90,0.77,0.79
1243,5.353,8.41,0.83,0.07,6.51,0.75,0.79
655,6.290,8.90,0.86,0.17,6.21,0.70,0.79
99,4.680,9.54,0.73,-0.10,6.36,0.54,0.80
1731,2.839,7.25,0.44,-0.08,5.30,0.66,0.80
1496,5.489,8.13,0.69,-0.02,6.00,0.76,0.80
1346,6.860,10.00,0.90,-0.00,6.87,0.78,0.80
653,6.414,8.90,0.87,0.21,6.14,0.63,0.80
1559,6.462,10.00,0.95,-0.08,7.17,0.96,0.80
529,5.371,10.00,0.91,-0.26,6.48,0.75,0.80
1594,5.840,10.00,0.80,-0.09,7.36,0.60,0.80
985,3.795,7.93,0.77,-0.14,4.73,0.76,0.80
524,6.140,9.03,0.79,-0.18,6.55,0.80,0.80
1329,4.470,8.33,0.74,-0.09,6.21,0.47,0.80
397,7.082,9.56,0.94,0.06,6.99,0.88,0.80
246,3.801,7.37,0.80,0.03,4.66,0.59,0.80
1604,6.199,10.00,0.93,-0.13,7.26,0.75,0.80
591,5.164,7.70,0.69,0.41,5.53,0.68,0.80
965,5.978,10.00,0.90,-0.15,6.65,0.70,0.80
1582,5.332,10.00,0.78,-0.05,7.02,0.72,0.80
892,4.576,8.08,0.84,0.05,5.15,0.75,0.80
1324,5.472,8.46,0.69,0.07,5.85,0.77,0.80
783,4.413,9.35,0.72,-0.05,5.90,0.67,0.80
966,5.901,10.00,0.91,-0.21,6.68,0.61,0.80
1052,6.239,9.88,0.87,0.09,6.51,0.84,0.80
1905,5.062,8.82,0.88,-0.09,6.75,0.89,0.80
838,5.392,8.56,0.68,-0.02,5.01,0.74,0.80
549,4.379,7.65,0.74,0.04,5.85,0.74,0.80
1574,3.661,9.46,0.84,-0.08,5.33,0.71,0.80
381,3.919,8.19,0.62,-0.11,5.49,0.77,0.80
1755,5.623,9.90,0.79,-0.18,6.33,0.46,0.80
662,6.325,9.03,0.83,-0.06,6.45,0.91,0.80
1072,4.582,7.67,0.83,-0.07,5.02,0.63,0.80
526,6.241,9.06,0.82,-0.10,6.61,0.86,0.80
253,3.481,7.56,0.74,-0.00,5.18,0.71,0.80
502,5.066,9.21,0.74,-0.10,5.99,0.61,0.80
1120,6.410,9.89,0.80,-0.20,6.80,0.86,0.80
486,5.297,9.24,0.83,-0.09,6.64,0.64,0.80
181,5.298,8.76,0.79,-0.09,6.00,0.73,0.80
426,6.833,10.00,0.81,0.05,7.21,0.77,0.80
881,5.736,10.00,0.90,-0.24,6.07,0.88,0.80
1244,5.687,8.44,0.86,0.02,6.55,0.79,0.80
121,5.052,7.89,0.47,-0.04,5.98,0.61,0.80
176,5.569,9.12,0.82,0.35,5.96,0.81,0.80
1174,4.803,8.87,0.55,-0.23,6.65,0.82,0.80
1583,5.767,10.00,0.83,-0.06,7.05,0.66,0.80
670,3.603,7.72,0.68,-0.06,5.22,0.73,0.80
698,5.908,8.64,0.83,0.10,6.72,0.87,0.80
1548,5.830,10.00,0.92,-0.02,6.89,0.90,0.80
962,5.729,10.00,0.88,-0.04,6.56,0.67,0.80
811,7.159,10.00,0.89,0.15,7.29,0.77,0.80
659,6.536,8.98,0.83,0.11,6.35,0.84,0.80
523,6.018,9.00,0.79,-0.16,6.52,0.73,0.80
1384,4.880,8.63,0.78,0.00,6.04,0.87,0.80
1495,4.769,8.11,0.74,-0.07,5.96,0.63,0.80
1766,5.186,10.00,0.85,-0.18,6.68,0.53,0.80
745,3.818,8.78,0.64,0.08,6.01,0.89,0.81
1483,4.417,7.88,0.76,-0.05,5.33,0.74,0.81
884,5.970,10.00,0.80,0.00,6.22,0.80,0.81
488,5.838,9.24,0.84,-0.06,6.68,0.72,0.81
472,5.432,9.39,0.88,-0.05,6.35,0.86,0.81
167,3.193,7.92,0.52,-0.11,5.22,0.77,0.81
1763,5.514,10.00,0.85,-0.02,6.56,0.65,0.81
120,4.607,7.84,0.51,0.04,5.94,0.60,0.81
208,5.451,9.59,0.83,-0.16,4.98,0.86,0.81
1926,5.013,8.11,0.78,0.01,5.15,0.79,0.81
1779,3.734,7.37,0.76,-0.04,4.64,0.75,0.81
514,5.701,8.87,0.88,-0.06,6.29,0.68,0.81
217,3.461,9.78,0.79,-0.25,5.89,0.82,0.81
391,4.639,6.83,0.77,-0.03,5.07,0.56,0.81
262,2.905,6.79,0.56,-0.06,5.18,0.43,0.81
358,6.025,9.28,0.91,-0.01,6.52,0.80,0.81
372,5.709,9.50,0.80,-0.08,6.83,0.84,0.81
963,5.881,10.00,0.88,-0.08,6.59,0.66,0.81
383,4.056,8.24,0.69,-0.11,5.57,0.66,0.81
1907,5.296,8.93,0.83,-0.04,6.79,0.91,0.81
1122,6.432,9.89,0.85,-0.14,6.86,0.90,0.81
1735,4.023,7.35,0.60,-0.01,5.47,0.61,0.81
1119,6.824,9.88,0.89,-0.15,6.77,0.75,0.81
1121,6.550,9.90,0.86,-0.18,6.83,0.82,0.81
968,6.229,10.00,0.93,-0.08,6.74,0.82,0.81
1928,4.346,8.15,0.71,-0.01,5.30,0.81,0.81
396,4.311,6.97,0.67,0.07,5.29,0.70,0.81
847,6.238,10.00,0.94,-0.09,7.34,0.80,0.81
652,6.330,8.89,0.87,0.14,6.10,0.63,0.81
1934,4.838,8.12,0.77,0.06,5.63,0.75,0.81
1365,5.713,9.44,0.90,0.00,6.55,0.89,0.81
1349,6.606,10.00,0.88,-0.01,6.93,0.85,0.81
1404,6.007,10.00,0.89,-0.09,6.81,0.79,0.81
581,3.972,9.62,0.74,-0.20,5.61,0.57,0.81
1107,6.241,10.00,0.91,-0.05,6.67,0.89,0.81
1197,4.451,9.10,0.74,-0.10,5.71,0.67,0.81
1944,3.703,7.99,0.74,-0.12,5.38,0.67,0.81
1067,3.762,7.64,0.75,-0.03,4.84,0.75,0.81
1932,4.041,8.17,0.72,0.05,5.53,0.79,0.81
1749,4.521,9.26,0.70,-0.16,6.63,0.61,0.81
1758,5.490,9.91,0.79,-0.19,6.44,0.51,0.81
1789,4.233,7.64,0.75,0.13,5.49,0.74,0.81
337,6.533,10.00,0.83,0.04,6.96,0.77,0.81
676,3.846,7.42,0.68,0.26,4.03,0.46,0.81
342,6.151,10.00,0.89,0.03,7.01,0.78,0.81
186,5.767,8.92,0.80,-0.07,6.20,0.85,0.81
271,3.674,8.07,0.65,0.16,5.96,0.94,0.81
661,6.359,9.01,0.81,0.01,6.42,0.86,0.81
1385,4.942,8.69,0.80,0.03,6.06,0.89,0.81
1577,4.770,9.45,0.88,-0.07,5.57,0.77,0.81
404,7.158,9.75,0.90,0.02,7.03,0.90,0.81
1889,5.569,9.00,0.91,-0.12,6.59,0.51,0.81
1508,6.241,9.81,0.90,-0.04,6.86,0.75,0.81
393,4.414,6.94,0.82,0.01,5.16,0.56,0.81
209,3.553,9.56,0.87,-0.14,5.29,0.83,0.81
622,4.535,8.07,0.73,0.21,5.23,0.85,0.81
211,4.836,9.63,0.84,-0.20,5.44,0.80,0.81
1347,6.866,10.00,0.90,0.02,6.89,0.81,0.81
1264,4.235,7.05,0.68,-0.02,5.25,0.70,0.81
362,6.408,9.38,0.89,-0.05,6.57,0.82,0.81
1152,5.196,9.69,0.83,-0.13,6.62,0.51,0.81
1748,5.132,9.26,0.61,-0.23,6.60,0.71,0.81
1901,5.535,8.63,0.78,-0.11,6.68,0.86,0.81
699,5.930,8.65,0.80,0.06,6.74,0.85,0.81
1733,3.879,7.31,0.51,-0.01,5.39,0.73,0.82
667,3.902,7.62,0.57,0.09,5.06,0.69,0.82
399,6.851,9.66,0.92,0.10,6.98,0.91,0.82
1790,4.001,7.64,0.74,0.06,5.53,0.77,0.82
52,5.901,9.85,0.90,-0.12,6.92,0.82,0.82
210,3.520,9.60,0.86,-0.25,5.36,0.81,0.82
340,6.436,10.00,0.89,-0.06,6.99,0.79,0.82
36,3.937,9.00,0.72,-0.10,5.39,0.41,0.82
1703,4.074,7.65,0.88,-0.05,5.30,0.74,0.82
848,5.911,10.00,0.89,-0.14,7.35,0.77,0.82
44,6.468,10.00,0.90,-0.15,6.76,0.75,0.82
585,4.832,9.64,0.78,-0.20,5.87,0.70,0.82
1383,4.589,8.63,0.80,0.08,6.02,0.86,0.82
658,5.985,8.95,0.83,0.04,6.31,0.88,0.82
180,5.628,8.71,0.80,0.00,5.95,0.78,0.82
1208,5.100,7.97,0.84,0.17,6.13,0.84,0.82
292,4.937,8.20,0.71,-0.01,5.35,0.71,0.82
54,4.882,9.18,0.76,-0.25,6.49,0.61,0.82
509,4.557,9.29,0.81,-0.14,6.11,0.66,0.82
809,7.401,10.00,0.89,0.09,7.26,0.71,0.82
1105,6.174,9.97,0.91,0.09,6.61,0.91,0.82
989,4.196,7.26,0.83,-0.04,5.16,0.82,0.82
1611,6.319,10.00,0.94,-0.05,7.38,0.77,0.82
1242,5.104,8.45,0.86,0.08,6.48,0.79,0.82
1572,4.931,9.45,0.86,-0.15,5.14,0.84,0.82
1066,3.977,7.62,0.73,0.01,4.77,0.63,0.82
190,5.651,9.04,0.78,-0.12,6.33,0.88,0.82
398,7.432,9.63,0.92,0.10,6.98,0.92,0.82
324,4.029,7.43,0.62,0.05,4.72,0.53,0.82
1580,5.035,9.43,0.85,-0.13,5.69,0.74,0.82
690,5.866,8.49,0.80,0.11,6.55,0.65,0.82
883,5.835,10.00,0.89,-0.23,6.17,0.78,0.82
1163,5.386,9.97,0.83,-0.10,6.87,0.69,0.82
1943,4.184,7.99,0.77,-0.07,5.23,0.64,0.82
1575,4.828,9.46,0.88,-0.12,5.43,0.79,0.82
1786,3.710,7.59,0.88,0.05,5.28,0.76,0.82
657,5.856,8.93,0.80,0.02,6.28,0.87,0.82
275,4.586,8.28,0.77,0.09,6.12,0.96,0.82
1672,6.229,10.00,0.83,0.00,6.96,0.68,0.82
660,6.465,9.00,0.82,0.05,6.39,0.87,0.82
1610,6.381,10.00,0.96,-0.07,7.35,0.73,0.82
880,5.514,9.94,0.90,-0.22,6.02,0.78,0.82
587,4.783,9.60,0.78,-0.20,5.97,0.72,0.82
1622,4.225,9.28,0.82,0.16,6.63,0.80,0.82
45,6.582,10.00,0.91,-0.13,6.78,0.74,0.82
1455,5.495,10.00,0.89,-0.07,6.51,0.71,0.82
6,3.572,7.72,0.48,0.06,5.25,0.58,0.82
1207,4.812,7.98,0.75,0.23,6.02,0.76,0.82
1047,3.476,6.93,0.52,0.07,5.62,0.81,0.82
1372,5.892,9.27,0.76,-0.12,6.64,0.77,0.82
888,6.008,10.00,0.94,-0.10,6.46,0.84,0.82
645,5.623,10.00,0.83,-0.27,7.18,0.53,0.82
389,3.984,6.73,0.73,-0.02,4.93,0.56,0.82
1045,4.563,6.93,0.51,0.06,5.44,0.79,0.82
1295,4.976,9.61,0.77,-0.05,6.51,0.66,0.82
1509,6.042,9.79,0.85,0.15,6.90,0.84,0.82
1517,4.909,7.35,0.61,0.05,4.60,0.62,0.82
184,5.779,8.83,0.82,-0.04,6.13,0.78,0.82
273,4.162,8.17,0.73,0.21,6.04,0.96,0.83
1494,4.683,8.07,0.74,-0.04,5.92,0.69,0.83
165,3.667,7.92,0.38,-0.00,5.09,0.71,0.83
1792,4.948,7.69,0.81,0.14,5.61,0.70,0.83
1241,4.944,8.43,0.87,0.14,6.44,0.84,0.83
687,5.097,8.50,0.82,0.23,6.47,0.68,0.83
503,4.669,9.24,0.77,-0.08,6.00,0.49,0.83
1888,6.136,9.56,0.90,-0.20,6.58,0.57,0.83
1484,4.680,7.90,0.72,-0.00,5.40,0.70,0.83
1587,6.947,10.00,0.81,-0.05,7.16,0.68,0.83
1883,7.189,9.54,0.94,-0.12,6.56,0.68,0.83
1939,4.682,7.73,0.86,-0.09,4.67,0.66,0.83
901,4.396,8.28,0.71,0.30,5.89,0.75,0.83
277,4.998,8.39,0.76,0.01,6.20,0.96,0.83
995,5.121,7.26,0.71,0.05,5.69,0.71,0.83
1556,6.167,10.00,0.93,-0.03,7.08,0.92,0.83
1916,2.983,7.86,0.67,-0.14,5.43,0.61,0.83
1016,6.391,10.00,0.95,-0.12,6.85,0.82,0.83
739,4.720,8.43,0.51,0.07,5.80,0.61,0.83
485,4.996,9.19,0.84,-0.06,6.62,0.67,0.83
1940,4.846,7.85,0.86,-0.09,4.81,0.63,0.83
1784,4.826,7.59,0.88,0.03,5.12,0.73,0.83
51,6.086,10.00,0.90,-0.21,6.90,0.82,0.83
1511,3.585,7.19,0.69,0.25,4.10,0.72,0.83
1948,2.694,7.95,0.76,-0.06,5.62,0.63,0.83
496,6.128,9.36,0.85,-0.10,6.85,0.87,0.83
1942,4.690,7.99,0.80,-0.10,5.09,0.58,0.83
1194,4.441,9.22,0.83,-0.19,5.62,0.81,0.83
187,5.865,8.95,0.82,0.02,6.23,0.88,0.83
1589,5.959,10.00,0.80,-0.05,7.21,0.64,0.83
1933,3.307,8.15,0.64,0.08,5.58,0.81,0.83
1730,2.936,7.15,0.30,-0.07,5.15,0.58,0.83
741,4.424,8.54,0.62,-0.03,5.86,0.81,0.83
327,4.251,7.36,0.64,0.06,4.87,0.54,0.83
740,4.428,8.48,0.55,0.08,5.83,0.74,0.83
1910,4.809,8.28,0.76,-0.05,5.40,0.64,0.83
380,4.510,8.18,0.64,-0.11,5.45,0.74,0.83
247,4.017,7.38,0.77,-0.06,4.74,0.58,0.83
427,6.387,10.00,0.82,0.07,7.24,0.76,0.83
1590,5.801,10.00,0.74,-0.04,7.24,0.62,0.83
37,3.795,9.02,0.75,-0.17,5.46,0.37,0.83
694,5.056,8.55,0.79,0.02,6.63,0.70,0.83
311,3.678,7.13,0.39,-0.02,4.30,0.78,0.83
1046,3.868,6.93,0.49,0.06,5.55,0.80,0.83
1277,5.322,8.55,0.73,0.12,4.93,0.83,0.83
674,5.993,8.77,0.85,0.11,5.72,0.69,0.84
410,6.998,9.89,0.91,-0.15,7.15,0.93,0.84
339,6.320,10.00,0.88,-0.02,6.98,0.79,0.84
724,6.038,10.00,0.94,-0.12,6.84,0.77,0.84
1510,3.628,7.14,0.56,0.10,4.03,0.68,0.84
905,4.547,8.37,0.67,0.26,6.13,0.70,0.84
293,5.241,8.17,0.72,0.05,5.43,0.67,0.84
961,5.070,10.00,0.83,-0.07,6.53,0.63,0.84
402,7.229,9.71,0.89,-0.03,6.99,0.93,0.84
1490,3.647,7.93,0.82,-0.05,5.74,0.64,0.84
1352,6.281,10.00,0.90,-0.13,6.96,0.86,0.84
1350,6.118,10.00,0.88,-0.10,6.94,0.88,0.84
361,6.272,9.35,0.89,-0.05,6.55,0.76,0.84
1887,6.553,9.74,0.90,-0.22,6.58,0.64,0.84
1785,4.309,7.59,0.88,0.08,5.20,0.65,0.84
171,4.007,7.99,0.49,-0.07,5.35,0.78,0.84
1616,4.345,8.91,0.86,0.06,6.57,0.72,0.84
1898,5.304,8.48,0.82,-0.06,6.63,0.83,0.84
1060,6.322,10.00,0.82,0.22,6.64,0.67,0.84
373,3.476,7.95,0.63,-0.07,5.43,0.51,0.84
1573,5.134,9.45,0.91,-0.16,5.24,0.59,0.84
1555,5.937,10.00,0.93,-0.05,7.05,0.90,0.84
1153,4.801,9.70,0.82,-0.10,6.68,0.56,0.84
683,3.352,7.48,0.58,0.29,5.53,0.30,0.84
633,5.481,8.52,0.67,0.08,5.68,0.78,0.84
1192,4.886,9.06,0.83,-0.10,4.96,0.78,0.84
1557,6.249,10.00,0.94,-0.12,7.11,0.94,0.84
497,5.809,9.34,0.81,-0.11,6.88,0.83,0.84
988,4.221,7.22,0.62,-0.03,4.99,0.72,0.84
1345,7.248,10.00,0.88,0.01,6.85,0.83,0.84
185,6.019,8.87,0.78,-0.01,6.16,0.86,0.84
1605,6.188,10.00,0.95,-0.14,7.29,0.80,0.84
1751,4.741,9.28,0.73,-0.19,6.69,0.65,0.84
274,4.461,8.23,0.75,0.08,6.08,0.96,0.84
1782,4.612,7.51,0.85,-0.04,4.94,0.76,0.84
1171,5.312,8.90,0.64,-0.22,6.56,0.81,0.84
428,6.690,10.00,0.84,0.18,7.25,0.75,0.84
1206,4.975,7.95,0.79,0.12,6.00,0.71,0.84
1591,5.780,10.00,0.77,-0.04,7.27,0.62,0.84
1351,6.568,10.00,0.91,-0.17,6.95,0.90,0.84
1090,4.248,8.50,0.67,-0.02,5.39,0.59,0.84
1354,4.730,9.09,0.90,0.07,6.36,0.69,0.84
49,6.039,10.00,0.91,-0.19,6.86,0.83,0.84
1579,4.884,9.44,0.84,-0.05,5.65,0.75,0.84
1381,4.670,8.56,0.80,0.06,5.98,0.83,0.84
384,4.691,8.24,0.64,-0.10,5.61,0.85,0.84
1056,5.786,9.97,0.77,-0.02,6.57,0.84,0.84
1098,4.472,8.53,0.78,-0.17,5.64,0.47,0.84
1169,5.163,8.87,0.61,-0.23,6.50,0.71,0.84
1623,4.365,9.30,0.81,0.27,6.64,0.83,0.84
1318,5.132,8.29,0.54,0.16,5.66,0.37,0.84
271,3.883,8.12,0.69,0.24,6.00,0.94,0.84
1151,6.011,9.40,0.92,0.14,6.27,0.72,0.84
367,6.388,9.56,0.89,-0.10,6.68,0.79,0.84
1172,4.897,8.91,0.55,-0.23,6.59,0.77,0.84
686,5.397,8.46,0.93,0.09,6.45,0.65,0.84
290,5.074,8.18,0.69,-0.03,5.19,0.77,0.84
1607,6.291,10.00,0.94,-0.06,7.31,0.75,0.84
1055,5.580,9.93,0.84,0.03,6.56,0.77,0.84
1289,4.428,9.46,0.73,-0.04,6.43,0.55,0.84
1891,5.071,9.07,0.90,-0.17,6.63,0.64,0.84
830,6.488,10.00,0.89,-0.15,7.40,0.72,0.84
1327,4.151,8.22,0.71,-0.08,6.19,0.37,0.84
1947,3.616,8.05,0.78,-0.07,5.56,0.76,0.84
1626,4.331,9.44,0.82,0.09,6.70,0.83,0.84
903,4.656,8.34,0.71,0.29,6.01,0.82,0.84
1240,4.460,8.40,0.88,0.01,6.41,0.75,0.84
879,5.383,9.88,0.89,-0.25,5.97,0.86,0.84
638,6.647,10.00,0.81,-0.19,7.09,0.58,0.84
1164,5.722,9.91,0.89,0.06,6.89,0.80,0.84
1549,6.083,10.00,0.92,0.03,6.92,0.90,0.84
1059,5.963,10.00,0.86,0.24,6.62,0.81,0.84
1167,4.970,8.80,0.68,-0.19,6.41,0.76,0.84
310,3.568,7.09,0.48,-0.04,4.27,0.69,0.85
1606,6.518,10.00,0.94,-0.12,7.30,0.82,0.85
1670,6.189,10.00,0.88,-0.03,6.86,0.63,0.85
1195,4.834,9.20,0.86,-0.17,5.65,0.75,0.85
588,4.914,9.61,0.76,-0.20,6.02,0.74,0.85
634,5.004,8.56,0.76,0.06,5.72,0.82,0.85
1076,4.988,7.75,0.75,-0.04,5.22,0.67,0.85
1348,6.631,10.00,0.87,0.00,6.91,0.89,0.85
1057,5.914,10.00,0.84,0.02,6.59,0.85,0.85
1617,4.415,8.97,0.84,0.11,6.58,0.74,0.85
1102,5.477,9.77,0.80,0.19,6.47,0.85,0.85
636,5.319,8.59,0.64,0.20,5.80,0.82,0.85
1036,4.079,7.37,0.63,-0.03,5.87,0.57,0.85
363,6.464,9.44,0.90,-0.07,6.59,0.81,0.85
17,5.510,9.35,0.78,-0.17,6.69,0.60,0.85
1314,4.414,8.27,0.37,0.10,5.54,0.34,0.85
1454,5.441,10.00,0.91,-0.12,6.47,0.71,0.85
1405,6.162,10.00,0.92,-0.09,6.85,0.87,0.85
649,5.952,10.00,0.89,-0.29,7.26,0.61,0.85
677,3.766,7.38,0.55,0.22,3.23,0.37,0.85
695,4.845,8.57,0.77,-0.10,6.66,0.53,0.85
1091,4.500,8.47,0.82,0.04,5.42,0.74,0.85
435,6.276,10.00,0.83,-0.02,7.37,0.79,0.85
1519,4.090,7.40,0.65,0.08,4.92,0.71,0.85
1781,4.569,7.47,0.81,-0.05,4.84,0.58,0.85
1149,5.465,9.39,0.94,0.05,6.23,0.70,0.85
808,7.321,10.00,0.91,0.15,7.25,0.74,0.85
418,5.205,10.00,0.77,-0.10,6.84,0.69,0.85
1160,5.304,9.84,0.87,-0.09,6.81,0.57,0.85
786,4.785,9.17,0.71,-0.02,6.14,0.70,0.85
899,4.905,8.22,0.77,0.17,5.77,0.82,0.85
166,3.870,7.90,0.48,-0.14,5.19,0.77,0.85
53,4.289,9.04,0.68,-0.23,6.48,0.52,0.85
1728,3.202,7.08,0.44,-0.01,4.92,0.63,0.85
2,4.402,7.54,0.55,0.19,5.12,0.68,0.85
170,3.625,7.99,0.43,-0.03,5.31,0.73,0.85
1487,4.372,7.92,0.76,-0.08,5.61,0.78,0.85
1593,5.874,10.00,0.81,0.01,7.33,0.54,0.85
580,4.255,9.61,0.65,-0.21,5.54,0.77,0.85
47,6.697,10.00,0.93,-0.17,6.82,0.88,0.85
48,6.427,10.00,0.88,-0.19,6.84,0.85,0.85
434,6.062,10.00,0.82,0.04,7.35,0.81,0.85
448,7.034,10.00,0.93,-0.29,7.03,0.79,0.85
1506,5.122,9.71,0.88,-0.08,6.78,0.68,0.85
1316,5.786,8.27,0.57,0.30,5.62,0.36,0.85
1014,6.309,10.00,0.93,-0.24,6.73,0.70,0.85
38,6.313,9.94,0.94,-0.16,6.68,0.73,0.85
1489,3.669,7.93,0.71,-0.04,5.70,0.67,0.85
900,4.358,8.25,0.78,0.22,5.83,0.79,0.85
189,5.770,9.01,0.80,-0.05,6.30,0.88,0.85
1576,4.887,9.46,0.90,-0.13,5.53,0.86,0.85
1757,5.213,9.84,0.75,-0.23,6.40,0.46,0.85
1042,3.946,6.89,0.61,0.10,5.14,0.73,0.85
979,5.271,9.69,0.83,0.03,6.61,0.66,0.85
1911,4.350,8.45,0.73,-0.10,5.43,0.66,0.85
675,3.754,7.41,0.69,0.40,4.84,0.45,0.85
1031,3.551,7.34,0.67,-0.05,5.66,0.49,0.85
371,6.350,9.60,0.87,-0.17,6.80,0.82,0.85
1609,6.456,10.00,0.95,-0.03,7.33,0.74,0.85
902,4.476,8.31,0.71,0.23,5.95,0.85,0.85
1176,4.833,6.82,0.75,0.07,4.55,0.64,0.85
46,6.671,10.00,0.92,-0.16,6.80,0.75,0.85
776,4.775,9.08,0.86,-0.20,5.89,0.43,0.85
1514,4.502,7.29,0.78,0.00,4.43,0.77,0.85
42,6.441,10.00,0.93,-0.13,6.73,0.73,0.85
498,5.354,9.24,0.80,-0.16,6.91,0.83,0.85
370,5.984,9.58,0.87,-0.15,6.77,0.85,0.85
169,3.347,8.00,0.51,-0.10,5.28,0.78,0.85
1783,4.193,7.53,0.83,-0.01,5.04,0.80,0.85
50,5.793,10.00,0.90,-0.21,6.88,0.85,0.86
718,5.181,10.00,0.84,-0.15,6.62,0.49,0.86
1297,5.234,9.65,0.80,-0.06,6.53,0.75,0.86
1520,4.306,7.42,0.65,0.10,5.08,0.72,0.86
975,4.573,9.80,0.71,-0.01,6.53,0.62,0.86
287,4.240,8.12,0.78,-0.07,4.99,0.79,0.86
1515,4.514,7.58,0.71,-0.07,4.51,0.72,0.86
1627,4.435,9.46,0.83,0.11,6.72,0.86,0.86
168,3.479,7.96,0.58,-0.08,5.25,0.78,0.86
1791,4.322,7.66,0.74,0.08,5.57,0.73,0.86
1290,4.180,9.50,0.69,-0.06,6.45,0.51,0.86
390,4.517,6.80,0.74,-0.03,5.03,0.63,0.86
635,4.967,8.60,0.75,0.12,5.76,0.79,0.86
1044,4.035,6.91,0.56,0.08,5.34,0.75,0.86
689,6.033,8.47,0.82,0.12,6.52,0.66,0.86
1317,5.267,8.28,0.51,0.03,5.64,0.38,0.86
192,5.674,9.07,0.78,-0.09,6.39,0.88,0.86
1357,5.576,9.16,0.90,0.03,6.42,0.72,0.86
318,3.743,7.46,0.73,0.02,4.51,0.50,0.86
940,4.905,8.48,0.86,0.20,6.32,0.81,0.86
1054,5.385,9.88,0.79,-0.01,6.54,0.87,0.86
338,6.579,10.00,0.84,0.10,6.97,0.65,0.86
98,4.219,9.57,0.69,-0.12,6.34,0.50,0.86
504,4.174,9.24,0.75,-0.15,6.01,0.59,0.86
1568,5.204,9.43,0.79,-0.16,4.86,0.69,0.86
1941,4.955,7.98,0.90,-0.10,4.95,0.47,0.86
777,5.065,9.11,0.85,-0.12,5.96,0.42,0.86
1705,3.852,7.70,0.80,0.05,5.45,0.65,0.86
312,2.693,6.79,0.29,0.03,4.49,0.62,0.86
1504,5.318,9.65,0.82,-0.06,6.70,0.55,0.86
1625,4.612,9.38,0.86,0.32,6.66,0.90,0.86
359,6.138,9.33,0.89,-0.04,6.53,0.79,0.86
259,3.563,6.72,0.29,-0.02,4.90,0.26,0.86
891,4.223,8.04,0.91,-0.02,5.02,0.62,0.86
214,3.762,9.72,0.82,-0.12,5.68,0.86,0.86
648,5.409,10.00,0.79,-0.34,7.24,0.56,0.86
341,5.942,10.00,0.87,-0.10,7.00,0.66,0.86
1293,5.186,9.54,0.83,0.02,6.49,0.64,0.86
1294,5.204,9.58,0.79,0.03,6.50,0.64,0.86
761,5.347,9.38,0.80,0.56,6.23,0.87,0.86
1034,3.593,7.34,0.65,-0.04,5.79,0.54,0.86
898,3.795,8.19,0.82,0.21,5.71,0.71,0.86
843,5.311,9.15,0.87,-0.00,6.65,0.81,0.86
1618,4.431,9.02,0.82,0.16,6.59,0.83,0.86
1452,5.579,10.00,0.90,-0.14,6.39,0.73,0.86
1592,5.971,10.00,0.81,0.03,7.30,0.59,0.86
734,5.027,8.20,0.57,-0.05,5.61,0.73,0.86
1073,4.016,7.70,0.84,-0.07,5.07,0.70,0.86
807,7.111,10.00,0.90,0.15,7.25,0.68,0.86
188,5.834,8.99,0.83,-0.03,6.27,0.88,0.86
737,4.989,8.35,0.60,0.06,5.74,0.78,0.86
1074,4.742,7.72,0.74,-0.07,5.12,0.75,0.86
624,4.965,8.15,0.62,0.12,5.32,0.84,0.86
1363,5.560,9.38,0.91,-0.01,6.51,0.81,0.86
18,4.551,9.36,0.76,-0.13,6.72,0.63,0.86
656,5.743,8.92,0.77,0.01,6.24,0.76,0.86
278,4.377,8.36,0.72,0.05,6.24,0.96,0.86
688,5.420,8.52,0.83,0.22,6.50,0.69,0.86
1518,4.733,7.38,0.66,0.11,4.76,0.68,0.86
1628,4.213,9.48,0.81,0.05,6.74,0.82,0.86
14,5.485,9.26,0.83,-0.16,6.62,0.53,0.86
1507,5.936,9.76,0.85,-0.10,6.82,0.74,0.86
1035,3.663,7.36,0.75,-0.07,5.83,0.57,0.86
1177,4.654,6.87,0.76,0.01,4.62,0.51,0.86
64,4.288,9.40,0.70,-0.15,6.66,0.61,0.86
1578,4.514,9.45,0.87,-0.13,5.61,0.79,0.86
1148,5.334,9.33,0.92,0.12,6.21,0.67,0.86
876,5.476,9.80,0.87,-0.27,5.82,0.73,0.86
40,5.961,10.00,0.89,-0.13,6.70,0.68,0.86
1291,4.898,9.52,0.78,-0.09,6.46,0.61,0.87
877,5.719,9.88,0.86,-0.25,5.87,0.81,0.87
436,6.137,10.00,0.78,-0.01,7.39,0.74,0.87
1453,5.514,10.00,0.91,-0.15,6.43,0.73,0.87
829,6.445,10.00,0.84,-0.08,7.38,0.71,0.87
1278,5.252,8.55,0.74,-0.01,4.97,0.79,0.87
1569,5.346,9.44,0.81,-0.10,4.92,0.75,0.87
1377,5.701,9.43,0.80,-0.13,6.75,0.83,0.87
1702,3.229,7.60,0.81,0.14,5.23,0.60,0.87
394,3.903,6.97,0.77,-0.05,5.21,0.57,0.87
447,6.790,10.00,0.90,-0.18,6.98,0.83,0.87
827,6.199,10.00,0.92,-0.04,7.34,0.63,0.87
584,4.661,9.65,0.76,-0.19,5.82,0.67,0.87
993,4.424,7.32,0.68,-0.01,5.53,0.73,0.87
1373,5.825,9.32,0.76,-0.08,6.66,0.70,0.87
1422,5.768,10.00,0.87,-0.24,7.28,0.91,0.87
286,4.271,8.09,0.76,-0.03,4.95,0.79,0.87
430,5.439,10.00,0.74,0.10,7.28,0.66,0.87
964,5.940,10.00,0.92,-0.16,6.62,0.69,0.87
693,4.713,8.54,0.79,-0.03,6.61,0.70,0.87
1032,3.816,7.33,0.67,-0.02,5.70,0.48,0.87
760,5.340,9.34,0.81,0.51,6.21,0.88,0.87
802,6.841,10.00,0.87,0.22,7.14,0.68,0.87
994,4.135,7.31,0.73,0.05,5.61,0.77,0.87
288,5.038,8.15,0.65,0.05,5.03,0.79,0.87
193,5.559,9.00,0.80,-0.05,6.42,0.88,0.87
431,5.627,10.00,0.77,0.06,7.29,0.72,0.87
586,4.782,9.62,0.81,-0.23,5.92,0.65,0.87
764,5.129,9.49,0.63,0.05,6.31,0.60,0.87
364,6.375,9.47,0.91,-0.01,6.61,0.83,0.87
1750,4.124,9.27,0.72,-0.22,6.66,0.48,0.87
1353,6.086,10.00,0.89,-0.20,6.97,0.88,0.87
990,4.571,7.39,0.71,-0.03,5.32,0.59,0.87
1449,6.037,10.00,0.93,-0.26,6.26,0.74,0.87
1288,4.494,9.42,0.81,0.08,6.40,0.44,0.87
284,4.434,8.05,0.74,-0.03,4.87,0.82,0.87
1296,5.346,9.64,0.87,0.08,6.52,0.71,0.87
1488,3.834,7.90,0.60,-0.16,5.65,0.64,0.87
1374,5.783,9.37,0.80,-0.07,6.68,0.70,0.87
429,6.181,10.00,0.77,0.10,7.26,0.72,0.87
1268,4.710,8.33,0.74,0.08,4.41,0.65,0.87
95,4.568,9.39,0.75,-0.21,6.22,0.52,0.87
1929,4.843,8.14,0.69,-0.04,5.38,0.76,0.87
7,3.131,7.71,0.53,0.10,5.28,0.51,0.87
692,4.602,8.53,0.78,-0.00,6.59,0.70,0.87
763,5.336,9.50,0.72,0.06,6.27,0.53,0.87
647,5.148,10.00,0.75,-0.29,7.22,0.44,0.87
1788,4.238,7.63,0.75,0.14,5.45,0.76,0.87
1279,4.356,8.54,0.73,0.03,5.01,0.73,0.87
1150,5.563,9.42,0.95,0.15,6.25,0.71,0.87
1380,5.999,9.46,0.81,-0.13,6.84,0.81,0.87
315,4.141,7.36,0.48,-0.01,4.36,0.29,0.87
1315,5.208,8.28,0.52,0.08,5.58,0.39,0.87
1521,3.447,7.45,0.61,0.07,5.24,0.72,0.87
942,5.630,8.53,0.88,0.14,6.38,0.86,0.87
58,4.260,9.18,0.71,-0.23,6.53,0.46,0.87
13,4.634,9.14,0.82,-0.01,6.58,0.53,0.87
283,4.554,8.03,0.76,0.00,4.83,0.79,0.87
626,4.606,8.22,0.74,0.07,5.41,0.89,0.87
395,4.522,6.96,0.86,-0.02,5.25,0.64,0.87
369,6.157,9.57,0.91,-0.16,6.74,0.84,0.88
1166,5.085,8.78,0.83,-0.22,6.38,0.58,0.88
55,4.652,9.26,0.71,-0.22,6.50,0.46,0.88
22,4.640,9.48,0.64,-0.03,6.84,0.75,0.88
319,4.393,7.42,0.82,0.03,4.54,0.54,0.88
882,5.759,10.00,0.89,-0.17,6.12,0.84,0.88
16,5.867,9.33,0.76,-0.20,6.66,0.49,0.88
1726,6.022,9.82,0.90,0.31,6.74,0.90,0.88
1205,4.605,7.89,0.74,0.15,5.98,0.72,0.88
1753,4.731,9.23,0.72,-0.20,6.75,0.67,0.88
1300,5.054,9.69,0.75,0.13,6.55,0.79,0.88
1793,4.641,7.68,0.80,0.15,5.65,0.69,0.88
1375,5.866,9.38,0.82,-0.14,6.70,0.72,0.88
1706,3.483,7.73,0.79,0.11,5.52,0.65,0.88
1723,6.074,9.73,0.91,0.36,6.68,0.92,0.88
265,4.156,7.83,0.68,0.12,5.61,0.82,0.88
931,4.641,8.19,0.84,-0.14,5.99,0.68,0.88
1196,4.436,9.17,0.84,-0.17,5.68,0.74,0.88
1485,4.683,7.92,0.76,-0.03,5.47,0.61,0.88
1103,5.648,9.86,0.78,0.18,6.53,0.82,0.88
289,4.816,8.17,0.66,-0.00,5.11,0.71,0.88
1420,5.920,10.00,0.89,-0.26,7.24,0.88,0.88
1344,7.321,9.97,0.93,-0.01,6.83,0.75,0.88
1410,5.405,10.00,0.91,-0.18,6.98,0.88,0.88
629,4.965,8.44,0.68,-0.07,5.52,0.79,0.88
1382,5.074,8.61,0.80,-0.02,6.00,0.85,0.88
1370,5.519,9.15,0.80,-0.08,6.60,0.64,0.88
505,4.204,9.24,0.74,-0.14,6.03,0.45,0.88
1780,4.456,7.42,0.84,-0.00,4.74,0.71,0.88
1371,5.613,9.22,0.81,-0.06,6.63,0.76,0.88
8,3.983,7.70,0.53,0.08,5.32,0.39,0.88
1342,6.931,9.94,0.92,0.06,6.81,0.71,0.88
322,3.460,7.53,0.73,-0.07,4.63,0.57,0.88
1419,5.711,10.00,0.90,-0.18,7.22,0.91,0.88
39,6.073,10.00,0.86,-0.14,6.69,0.65,0.88
1,3.724,7.37,0.45,0.17,5.08,0.72,0.88
1366,5.653,9.45,0.89,0.03,6.59,0.88,0.88
56,4.178,9.11,0.68,-0.21,6.51,0.44,0.88
321,3.508,7.50,0.71,-0.05,4.60,0.49,0.88
1925,4.999,8.07,0.86,0.00,5.08,0.66,0.88
19,4.814,9.38,0.63,-0.02,6.75,0.73,0.88
844,5.890,9.17,0.91,-0.13,6.71,0.86,0.88
1204,4.233,7.85,0.73,0.07,5.96,0.64,0.88
723,6.000,10.00,0.95,-0.19,6.80,0.80,0.88
449,6.897,10.00,0.96,-0.13,7.13,0.91,0.88
1376,5.577,9.40,0.80,-0.09,6.72,0.80,0.88
1053,5.807,9.91,0.80,0.04,6.52,0.78,0.88
1724,5.939,9.77,0.88,0.21,6.70,0.92,0.88
1137,5.803,9.48,0.81,-0.09,6.57,0.78,0.88
691,4.961,8.51,0.77,0.10,6.57,0.78,0.88
419,5.417,10.00,0.80,-0.06,6.90,0.67,0.88
291,5.251,8.19,0.68,0.04,5.27,0.82,0.88
320,4.033,7.48,0.67,-0.03,4.57,0.56,0.88
944,5.685,8.57,0.88,-0.00,6.44,0.92,0.88
41,6.424,9.98,0.92,-0.13,6.71,0.64,0.88
20,4.607,9.40,0.64,-0.08,6.78,0.70,0.88
1807,4.702,9.46,0.88,-0.08,6.49,0.72,0.89
1914,4.218,8.24,0.69,-0.18,5.43,0.54,0.89
845,6.309,9.19,0.88,-0.14,6.75,0.89,0.89
1915,3.968,8.12,0.64,-0.16,5.43,0.66,0.89
1043,4.279,6.88,0.60,0.17,5.24,0.64,0.89
1746,5.246,9.24,0.65,-0.21,6.56,0.54,0.89
721,6.065,10.00,0.88,-0.14,6.72,0.66,0.89
445,6.608,10.00,0.91,-0.15,6.88,0.81,0.89
366,6.449,9.55,0.91,-0.09,6.65,0.80,0.89
785,4.886,9.27,0.76,-0.07,6.02,0.60,0.89
1704,4.007,7.66,0.83,0.21,5.37,0.58,0.89
248,3.846,7.40,0.73,-0.10,4.81,0.61,0.89
828,6.517,10.00,0.91,-0.02,7.36,0.65,0.89
1401,5.876,10.00,0.94,-0.03,6.76,0.81,0.89
266,4.462,7.88,0.62,0.05,5.69,0.91,0.89
323,4.323,7.53,0.75,-0.03,4.67,0.47,0.89
1752,4.315,9.28,0.61,-0.21,6.72,0.66,0.89
978,5.172,9.70,0.74,0.07,6.56,0.60,0.89
1037,4.071,7.39,0.67,0.00,5.91,0.55,0.89
1343,7.034,9.93,0.91,0.01,6.82,0.72,0.89
313,3.476,6.82,0.32,0.07,4.52,0.65,0.89
758,5.136,9.26,0.79,0.50,6.17,0.83,0.89
625,4.198,8.17,0.63,0.01,5.36,0.76,0.89
1505,5.753,9.69,0.89,-0.07,6.74,0.61,0.89
819,6.334,10.00,0.88,0.24,7.26,0.70,0.89
1890,4.041,9.01,0.90,-0.15,6.61,0.46,0.89
270,3.899,8.01,0.61,0.25,5.92,0.96,0.89
1923,4.730,7.92,0.62,0.06,4.71,0.72,0.89
982,4.024,9.60,0.87,-0.08,6.76,0.45,0.89
57,4.368,9.14,0.66,-0.18,6.52,0.46,0.89
1104,5.610,9.94,0.84,0.14,6.58,0.82,0.89
1551,6.063,10.00,0.92,-0.02,6.96,0.90,0.89
1199,4.748,7.64,0.79,0.32,5.77,0.41,0.89
1804,4.029,9.35,0.88,0.01,6.40,0.50,0.89
1356,5.570,9.17,0.89,0.06,6.40,0.65,0.89
735,5.146,8.22,0.68,-0.07,5.65,0.76,0.89
806,7.433,10.00,0.89,0.14,7.24,0.72,0.89
25,5.365,9.50,0.71,0.01,6.93,0.75,0.89
420,5.343,10.00,0.77,-0.10,6.96,0.72,0.89
1270,4.939,8.40,0.78,0.12,4.51,0.58,0.89
937,5.208,8.36,0.86,-0.08,6.19,0.70,0.89
1554,5.741,10.00,0.90,0.01,7.02,0.90,0.89
59,4.320,9.25,0.68,-0.22,6.55,0.50,0.89
432,5.439,10.00,0.77,0.11,7.31,0.63,0.89
1550,6.036,10.00,0.93,-0.03,6.94,0.91,0.89
632,4.514,8.46,0.65,0.09,5.64,0.75,0.89
1061,5.339,10.00,0.79,0.13,6.70,0.87,0.89
736,4.522,8.28,0.65,-0.03,5.69,0.68,0.89
960,5.125,10.00,0.85,-0.04,6.51,0.56,0.89
712,4.954,10.00,0.93,-0.16,6.50,0.54,0.90
1367,4.811,8.99,0.87,-0.07,6.53,0.67,0.90
1378,5.711,9.43,0.83,-0.15,6.78,0.83,0.90
268,4.141,7.91,0.70,0.35,5.85,0.94,0.90
934,5.069,8.35,0.85,-0.14,6.08,0.70,0.90
1800,5.030,9.44,0.90,-0.22,6.28,0.56,0.90
1369,5.129,9.14,0.78,-0.07,6.58,0.64,0.90
939,5.252,8.46,0.90,0.36,6.27,0.74,0.90
444,6.484,10.00,0.88,-0.17,6.86,0.80,0.90
1030,4.381,7.34,0.82,-0.06,5.62,0.55,0.90
368,6.234,9.57,0.88,-0.10,6.71,0.83,0.90
433,5.795,10.00,0.79,-0.03,7.33,0.76,0.90
1403,5.750,10.00,0.92,-0.06,6.79,0.88,0.90
1714,5.784,9.51,0.89,0.39,6.44,0.87,0.90
1398,5.772,10.00,0.92,0.07,6.71,0.82,0.90
628,5.057,8.40,0.69,0.04,5.48,0.68,0.90
1787,3.770,7.61,0.82,0.01,5.36,0.83,0.90
285,4.245,8.06,0.74,-0.03,4.91,0.77,0.90
803,7.261,10.00,0.86,0.14,7.17,0.66,0.90
365,6.607,9.51,0.90,-0.07,6.63,0.84,0.90
646,5.303,10.00,0.80,-0.26,7.20,0.48,0.90
23,5.004,9.52,0.68,0.01,6.87,0.82,0.90
878,5.886,9.90,0.84,-0.22,5.92,0.73,0.90
1745,4.464,9.22,0.61,-0.18,6.54,0.57,0.90
938,5.402,8.44,0.85,-0.09,6.23,0.76,0.90
60,4.277,9.28,0.72,-0.20,6.56,0.50,0.90
1739,6.519,10.00,0.86,0.08,6.25,0.78,0.90
1200,4.441,7.69,0.82,0.29,5.82,0.62,0.90
1146,4.983,9.31,0.91,0.17,6.17,0.69,0.90
759,5.098,9.30,0.80,0.49,6.19,0.87,0.90
446,6.736,10.00,0.93,-0.20,6.93,0.85,0.90
1273,5.493,8.54,0.82,0.07,4.71,0.65,0.90
1147,5.057,9.30,0.95,0.09,6.19,0.76,0.90
1546,6.519,10.00,0.95,-0.07,6.95,0.76,0.90
245,5.598,9.99,0.92,-0.00,6.72,0.82,0.90
484,5.024,9.19,0.91,-0.09,6.60,0.67,0.90
21,4.511,9.44,0.64,-0.02,6.81,0.73,0.90
992,3.355,7.32,0.64,0.03,5.45,0.76,0.90
62,4.348,9.33,0.72,-0.20,6.60,0.55,0.90
970,4.653,9.57,0.85,0.07,6.47,0.67,0.90
805,7.359,10.00,0.88,0.15,7.24,0.56,0.90
831,4.197,8.21,0.67,-0.15,4.57,0.76,0.90
1361,5.936,9.33,0.94,0.05,6.48,0.91,0.90
1701,3.408,7.57,0.84,0.31,5.14,0.61,0.90
991,2.702,7.37,0.64,-0.06,5.37,0.67,0.90
826,5.955,10.00,0.93,-0.08,7.32,0.62,0.90
1716,5.476,9.51,0.89,0.52,6.51,0.87,0.90
1570,5.218,9.41,0.88,-0.15,4.98,0.74,0.90
1399,5.887,10.00,0.96,0.00,6.73,0.79,0.90
1276,5.220,8.57,0.80,0.04,4.89,0.80,0.90
1935,3.826,7.71,0.82,-0.08,4.15,0.43,0.90
1497,4.750,9.53,0.84,-0.17,6.56,0.45,0.90
1274,4.818,8.58,0.66,0.05,4.75,0.62,0.91
1379,5.680,9.46,0.85,-0.18,6.81,0.83,0.91
35,4.360,8.99,0.75,-0.14,5.32,0.46,0.91
1707,3.661,7.76,0.79,0.15,5.60,0.76,0.91
1538,5.911,10.00,0.93,-0.03,6.72,0.62,0.91
1725,6.012,9.80,0.87,0.26,6.72,0.90,0.91
981,5.167,9.66,0.83,-0.07,6.71,0.61,0.91
279,3.851,8.01,0.69,-0.01,4.59,0.65,0.91
1537,5.945,10.00,0.92,0.01,6.70,0.73,0.91
1536,6.052,10.00,0.92,-0.10,6.68,0.64,0.91
943,5.297,8.54,0.90,0.27,6.41,0.94,0.91
719,5.344,10.00,0.86,-0.20,6.64,0.56,0.91
738,4.635,8.39,0.55,-0.04,5.77,0.84,0.91
1400,5.646,10.00,0.90,-0.07,6.74,0.87,0.91
1502,5.102,9.64,0.83,-0.10,6.66,0.53,0.91
822,5.839,10.00,0.87,0.11,7.28,0.57,0.91
1145,4.825,9.30,0.94,0.15,6.14,0.75,0.91
1719,6.300,9.64,0.91,0.38,6.59,0.85,0.91
841,5.374,9.16,0.85,-0.06,6.62,0.80,0.91
1553,5.678,10.00,0.91,0.05,7.00,0.89,0.91
893,4.015,8.05,0.83,-0.01,5.28,0.62,0.91
775,4.590,9.06,0.74,-0.06,5.83,0.39,0.91
1298,5.240,9.68,0.85,-0.04,6.53,0.74,0.91
1544,6.235,10.00,0.92,-0.17,6.89,0.76,0.91
280,4.350,8.03,0.72,-0.03,4.65,0.64,0.91
1513,4.134,7.25,0.81,0.01,4.39,0.73,0.91
974,5.188,9.84,0.73,0.01,6.52,0.66,0.91
1272,4.760,8.50,0.82,0.07,4.62,0.57,0.91
980,5.154,9.68,0.78,-0.07,6.66,0.60,0.91
242,5.097,9.97,0.94,-0.15,6.66,0.69,0.91
1202,4.350,7.76,0.78,0.09,5.92,0.52,0.91
751,5.472,8.98,0.78,0.19,6.02,0.78,0.91
897,4.547,8.16,0.83,0.07,5.66,0.63,0.91
722,5.936,10.00,0.94,-0.24,6.76,0.69,0.91
34,5.589,8.95,0.72,0.06,5.25,0.58,0.91
1741,6.192,10.00,0.92,0.01,6.35,0.86,0.91
717,4.914,10.00,0.88,-0.11,6.60,0.67,0.91
1503,5.113,9.63,0.78,0.07,6.68,0.53,0.91
1340,6.128,9.76,0.95,-0.05,6.79,0.88,0.91
1581,4.947,9.33,0.89,-0.01,5.73,0.76,0.91
1744,4.876,9.19,0.71,-0.20,6.52,0.60,0.91
630,3.860,8.45,0.65,0.00,5.56,0.68,0.91
825,5.848,10.00,0.91,-0.06,7.30,0.57,0.91
1280,5.503,8.48,0.74,0.10,5.05,0.71,0.91
204,5.887,9.58,0.84,0.12,6.78,0.66,0.91
894,4.270,8.06,0.79,0.10,5.41,0.58,0.91
392,4.497,6.88,0.83,0.01,5.12,0.48,0.91
1271,4.980,8.45,0.72,0.07,4.56,0.54,0.91
506,3.559,9.24,0.68,-0.14,6.04,0.47,0.91
1450,5.996,10.00,0.92,-0.17,6.31,0.69,0.91
1722,6.202,9.70,0.87,0.32,6.66,0.88,0.91
1540,6.139,10.00,0.92,-0.13,6.77,0.63,0.91
24,4.995,9.54,0.69,-0.10,6.90,0.78,0.91
1539,5.937,10.00,0.91,-0.05,6.75,0.60,0.91
713,4.895,10.00,0.90,-0.13,6.54,0.46,0.91
986,3.512,7.93,0.79,-0.13,4.87,0.72,0.91
748,4.947,8.85,0.77,0.35,5.98,0.71,0.92
1421,6.095,10.00,0.88,-0.23,7.26,0.88,0.92
1341,6.894,9.86,0.94,0.08,6.80,0.64,0.92
1402,5.746,10.00,0.91,-0.14,6.77,0.78,0.92
1608,6.150,10.00,0.93,-0.10,7.32,0.76,0.92
443,6.698,10.00,0.89,-0.16,6.85,0.73,0.92
206,5.516,9.58,0.90,0.14,6.84,0.74,0.92
1924,5.260,7.98,0.78,-0.10,4.86,0.70,0.92
1542,5.993,10.00,0.95,-0.06,6.83,0.70,0.92
1717,6.217,9.58,0.90,0.54,6.55,0.86,0.92
941,4.857,8.50,0.91,0.06,6.35,0.81,0.92
1635,4.867,8.94,0.84,-0.07,4.08,0.61,0.92
1737,5.832,10.00,0.89,0.14,6.17,0.84,0.92
1065,4.115,7.61,0.75,-0.01,4.71,0.49,0.92
417,5.381,10.00,0.65,0.13,6.83,0.52,0.92
1139,4.609,8.83,0.88,0.06,5.88,0.78,0.92
1552,5.975,10.00,0.93,0.04,6.98,0.89,0.92
895,4.256,8.11,0.81,0.02,5.55,0.64,0.92
1486,4.335,7.91,0.81,-0.04,5.54,0.56,0.92
1727,5.885,9.77,0.87,0.27,6.76,0.84,0.92
1269,4.890,8.36,0.72,0.14,4.46,0.64,0.92
1721,6.985,9.67,0.93,0.55,6.63,0.90,0.92
1292,4.640,9.51,0.80,-0.08,6.48,0.61,0.92
824,6.027,10.00,0.90,-0.06,7.29,0.62,0.92
61,4.453,9.31,0.74,-0.22,6.58,0.51,0.92
1543,6.366,10.00,0.91,-0.05,6.86,0.71,0.92
976,4.983,9.77,0.71,-0.00,6.54,0.65,0.92
820,6.354,10.00,0.87,-0.06,7.28,0.74,0.92
1439,6.151,10.00,0.82,-0.22,6.72,0.85,0.92
63,4.325,9.33,0.71,-0.17,6.63,0.61,0.92
1418,5.447,10.00,0.90,-0.23,7.20,0.84,0.92
817,6.574,10.00,0.91,0.11,7.22,0.68,0.92
1299,5.015,9.71,0.81,0.02,6.54,0.72,0.92
933,4.737,8.33,0.79,-0.10,6.05,0.72,0.92
896,4.405,8.14,0.85,0.02,5.60,0.71,0.92
804,7.353,10.00,0.94,0.17,7.20,0.59,0.92
1718,6.664,9.58,0.88,0.40,6.57,0.93,0.92
203,5.090,9.53,0.78,0.09,6.75,0.56,0.92
12,2.375,7.70,0.42,-0.11,5.24,0.39,0.92
415,6.028,10.00,0.78,-0.24,6.81,0.54,0.92
956,4.667,10.00,0.84,-0.17,6.35,0.70,0.92
1443,5.619,10.00,0.88,-0.31,5.98,0.64,0.92
1011,5.711,10.00,0.93,-0.25,6.55,0.64,0.92
720,5.449,10.00,0.90,-0.19,6.68,0.55,0.92
197,4.995,9.33,0.73,-0.03,6.67,0.33,0.92
1132,5.917,9.24,0.80,-0.11,6.25,0.62,0.92
1512,2.997,7.22,0.59,0.15,4.21,0.72,0.92
1127,5.554,8.98,0.86,-0.10,6.11,0.55,0.93
1397,5.886,9.98,0.91,-0.05,6.67,0.77,0.93
421,5.536,10.00,0.91,-0.15,7.02,0.69,0.93
1720,6.231,9.67,0.93,0.46,6.61,0.78,0.93
282,4.741,8.03,0.73,-0.02,4.77,0.70,0.93
1451,5.855,10.00,0.91,-0.18,6.35,0.71,0.93
1438,6.090,10.00,0.81,-0.16,6.69,0.84,0.93
1126,5.503,9.04,0.87,-0.06,6.09,0.64,0.93
935,4.996,8.33,0.89,-0.07,6.11,0.72,0.93
1545,6.243,10.00,0.93,-0.13,6.92,0.77,0.93
440,6.250,10.00,0.93,-0.04,6.81,0.78,0.93
1124,5.102,8.94,0.81,-0.16,6.05,0.55,0.93
1275,4.933,8.62,0.81,-0.04,4.85,0.68,0.93
194,4.900,9.27,0.77,0.01,6.60,0.34,0.93
957,5.145,10.00,0.86,-0.20,6.38,0.63,0.93
1135,5.326,9.36,0.83,-0.05,6.43,0.55,0.93
971,4.595,9.74,0.72,0.03,6.49,0.52,0.93
1802,4.297,9.43,0.88,0.08,6.34,0.53,0.93
1541,6.162,10.00,0.94,-0.13,6.80,0.59,0.93
1141,4.586,8.92,0.90,0.10,6.02,0.63,0.93
11,2.694,7.69,0.51,-0.09,5.26,0.37,0.93
1144,4.913,9.25,0.93,0.14,6.11,0.75,0.93
439,6.500,10.00,0.90,-0.06,6.74,0.80,0.93
1136,5.682,9.42,0.89,-0.08,6.50,0.82,0.93
932,4.698,8.26,0.83,-0.09,6.02,0.68,0.93
1796,5.172,9.49,0.86,-0.26,6.11,0.49,0.93
1128,5.590,9.05,0.85,-0.09,6.13,0.60,0.93
1794,4.804,9.38,0.85,-0.26,6.01,0.62,0.93
1125,4.775,8.97,0.80,-0.19,6.07,0.70,0.93
1355,5.272,9.13,0.86,0.13,6.38,0.70,0.93
1700,4.385,7.55,0.77,0.26,5.05,0.56,0.93
644,4.756,10.00,0.83,-0.29,7.17,0.37,0.93
716,4.683,10.00,0.91,-0.14,6.59,0.57,0.93
1368,5.214,9.06,0.76,-0.08,6.55,0.64,0.93
842,5.709,9.15,0.86,-0.02,6.64,0.79,0.93
1938,4.056,7.56,0.81,-0.08,4.54,0.41,0.93
1142,5.031,9.06,0.95,0.15,6.05,0.70,0.93
317,3.639,7.36,0.65,0.02,4.46,0.40,0.93
945,6.250,8.50,0.90,0.10,6.47,0.93,0.93
422,5.626,10.00,0.94,-0.14,7.08,0.74,0.93
1729,2.808,7.05,0.29,-0.05,5.01,0.29,0.93
1143,4.885,9.16,0.92,0.11,6.08,0.69,0.93
936,4.921,8.37,0.89,-0.15,6.15,0.75,0.93
1799,5.083,9.43,0.86,-0.23,6.25,0.58,0.93
1411,5.717,10.00,0.89,-0.22,7.03,0.65,0.93
196,4.669,9.31,0.77,-0.13,6.67,0.36,0.93
1715,5.636,9.52,0.83,0.43,6.48,0.87,0.93
821,6.057,10.00,0.91,-0.02,7.28,0.57,0.93
1442,5.223,10.00,0.88,-0.28,5.92,0.59,0.93
1448,5.537,10.00,0.88,-0.29,6.22,0.66,0.93
959,4.967,10.00,0.84,-0.00,6.48,0.56,0.93
411,5.821,10.00,0.91,-0.09,6.71,0.66,0.93
1203,3.809,7.80,0.74,-0.01,5.94,0.52,0.93
1713,5.885,9.46,0.89,0.33,6.41,0.86,0.93
1441,4.964,9.99,0.89,-0.31,5.86,0.64,0.94
1446,5.389,10.00,0.88,-0.28,6.14,0.63,0.94
241,4.838,9.93,0.93,-0.17,6.64,0.70,0.94
416,5.885,10.00,0.75,-0.20,6.82,0.63,0.94
1009,5.596,10.00,0.91,-0.24,6.51,0.56,0.94
1445,5.385,10.00,0.91,-0.30,6.10,0.61,0.94
1805,4.311,9.38,0.86,-0.00,6.43,0.60,0.94
972,5.206,9.83,0.74,0.07,6.50,0.66,0.94
955,4.710,10.00,0.88,-0.23,6.31,0.64,0.94
1801,4.711,9.44,0.90,-0.22,6.31,0.57,0.94
1447,5.621,10.00,0.90,-0.29,6.18,0.61,0.94
237,4.222,9.80,0.84,-0.17,6.59,0.64,0.94
977,5.233,9.74,0.76,-0.01,6.55,0.66,0.94
715,4.918,10.00,0.89,-0.09,6.57,0.63,0.94
1131,5.756,9.19,0.80,-0.07,6.22,0.66,0.94
235,3.912,9.77,0.84,-0.14,6.57,0.54,0.94
1417,5.081,10.00,0.87,-0.16,7.18,0.80,0.94
1416,5.127,10.00,0.86,-0.13,7.16,0.85,0.94
641,5.372,10.00,0.85,-0.32,7.15,0.53,0.94
240,4.865,9.88,0.91,-0.20,6.62,0.64,0.94
643,4.720,10.00,0.69,-0.27,7.16,0.43,0.94
1138,5.812,9.46,0.87,-0.06,6.64,0.86,0.94
958,4.669,9.98,0.81,-0.18,6.42,0.44,0.94
823,6.009,10.00,0.92,-0.10,7.29,0.50,0.94
244,5.108,10.00,0.95,-0.11,6.70,0.82,0.94
1806,4.662,9.42,0.90,-0.07,6.46,0.66,0.94
1133,6.017,9.25,0.84,-0.09,6.29,0.60,0.94
316,4.632,7.36,0.57,0.06,4.41,0.53,0.94
281,4.292,8.03,0.70,-0.07,4.71,0.58,0.95
631,3.986,8.45,0.69,-0.04,5.60,0.85,0.95
818,6.780,10.00,0.88,0.05,7.24,0.54,0.95
1808,5.270,9.43,0.88,0.13,6.52,0.78,0.95
1535,5.265,10.00,0.95,-0.05,6.60,0.54,0.95
757,5.043,9.23,0.81,0.47,6.15,0.78,0.95
840,6.208,9.23,0.91,-0.00,6.49,0.74,0.95
1415,5.158,10.00,0.87,-0.12,7.14,0.79,0.95
1936,3.280,7.67,0.83,-0.08,4.28,0.46,0.95
1740,6.168,10.00,0.88,0.13,6.28,0.85,0.95
1412,5.095,10.00,0.86,-0.11,7.08,0.72,0.95
1922,3.998,7.87,0.69,-0.07,4.57,0.68,0.95
236,3.875,9.80,0.86,-0.23,6.58,0.66,0.95
1429,5.394,9.89,0.74,-0.19,6.44,0.69,0.95
1437,5.969,10.00,0.81,-0.12,6.66,0.82,0.95
973,5.032,9.88,0.72,0.07,6.52,0.68,0.95
1012,5.866,10.00,0.94,-0.27,6.61,0.61,0.95
1201,4.917,7.72,0.81,0.04,5.87,0.62,0.95
441,6.331,10.00,0.91,-0.11,6.82,0.79,0.95
1501,5.155,9.60,0.82,-0.13,6.65,0.46,0.95
1434,5.082,10.00,0.78,-0.13,6.58,0.65,0.95
243,5.099,10.00,0.92,-0.18,6.68,0.72,0.95
1803,3.965,9.33,0.91,-0.03,6.37,0.43,0.95
198,4.773,9.34,0.78,-0.01,6.67,0.42,0.95
1444,5.158,10.00,0.91,-0.28,6.04,0.62,0.95
1798,5.058,9.37,0.88,-0.19,6.22,0.48,0.95
752,5.457,9.02,0.82,0.45,6.04,0.70,0.95
640,5.840,10.00,0.87,-0.30,7.15,0.48,0.95
1440,6.130,10.00,0.84,-0.22,6.75,0.85,0.95
10,2.662,7.70,0.49,-0.12,5.28,0.43,0.95
239,4.438,9.84,0.89,-0.05,6.61,0.58,0.95
1130,5.996,9.11,0.83,-0.05,6.19,0.60,0.96
1010,6.126,10.00,0.91,-0.26,6.53,0.51,0.96
1129,5.792,9.11,0.87,-0.08,6.16,0.63,0.96
442,6.334,10.00,0.91,-0.15,6.83,0.74,0.96
1008,5.771,10.00,0.92,-0.27,6.49,0.50,0.96
202,5.181,9.50,0.81,0.13,6.72,0.63,0.96
412,5.433,10.00,0.86,-0.27,6.76,0.55,0.96
1435,5.727,10.00,0.75,-0.10,6.60,0.75,0.96
195,4.963,9.30,0.74,-0.03,6.64,0.26,0.96
639,6.039,10.00,0.79,-0.29,7.13,0.44,0.96
1738,6.696,10.00,0.86,0.09,6.20,0.84,0.96
642,5.096,10.00,0.81,-0.30,7.16,0.37,0.96
1414,4.994,10.00,0.87,-0.10,7.12,0.77,0.96
1433,5.167,9.97,0.74,-0.11,6.56,0.64,0.96
201,5.117,9.46,0.66,-0.05,6.69,0.63,0.96
749,5.101,8.90,0.70,0.31,5.99,0.60,0.96
1004,5.554,10.00,0.91,-0.26,6.38,0.62,0.96
423,6.508,10.00,0.92,-0.06,7.14,0.84,0.96
1498,4.380,9.57,0.77,-0.18,6.60,0.37,0.96
314,3.435,7.36,0.72,0.03,4.31,0.31,0.96
754,5.368,9.11,0.83,0.35,6.08,0.77,0.96
1436,5.777,10.00,0.79,-0.14,6.63,0.80,0.96
1140,4.493,8.90,0.92,0.07,5.92,0.48,0.96
1413,5.220,10.00,0.86,-0.17,7.10,0.88,0.96
238,3.993,9.81,0.83,-0.19,6.60,0.60,0.96
1006,5.066,10.00,0.88,-0.27,6.45,0.52,0.96
1797,5.166,9.33,0.85,-0.24,6.16,0.46,0.96
753,5.173,9.07,0.82,0.44,6.06,0.88,0.96
205,6.016,9.61,0.87,0.08,6.81,0.72,0.96
1007,5.432,10.00,0.91,-0.15,6.47,0.57,0.96
1937,3.174,7.46,0.84,-0.09,4.41,0.34,0.96
1432,5.023,9.94,0.75,-0.14,6.54,0.65,0.96
267,4.111,7.86,0.82,0.15,5.77,0.94,0.96
1499,4.461,9.58,0.73,-0.17,6.62,0.46,0.97
1003,5.808,10.00,0.94,-0.28,6.34,0.59,0.97
1430,5.368,9.95,0.81,-0.20,6.49,0.61,0.97
1002,5.954,10.00,0.93,-0.30,6.31,0.57,0.97
1795,5.252,9.46,0.82,-0.24,6.06,0.49,0.97
750,4.815,8.94,0.68,0.16,6.01,0.60,0.97
1134,5.578,9.30,0.84,-0.05,6.36,0.56,0.97
199,5.124,9.38,0.77,0.04,6.68,0.39,0.97
756,5.597,9.19,0.90,0.41,6.12,0.72,0.97
755,5.292,9.15,0.79,0.38,6.10,0.78,0.97
413,5.596,10.00,0.80,-0.24,6.79,0.56,0.97
1431,4.909,9.92,0.69,-0.08,6.52,0.57,0.97
234,3.844,9.72,0.83,-0.14,6.51,0.57,0.98
200,5.249,9.41,0.79,0.23,6.68,0.41,0.98
414,5.385,10.00,0.79,-0.20,6.80,0.52,0.98
1500,4.815,9.61,0.77,-0.18,6.63,0.44,0.98
1005,5.467,10.00,0.93,-0.30,6.41,0.50,0.98
714,4.725,10.00,0.90,-0.15,6.56,0.51,0.98